,sample,function,taxon,taxon_abun,taxon_rel_abun,genome_function_count,taxon_function_abun,taxon_rel_function_abun
269,Day01BHET1,PETase,ASV000043,0.03,0.117554859,2,0.06,0.235109718
268,Day01BHET1,PETase,ASV000020,0.02,0.078369906,2,0.04,0.156739812
270,Day01BHET1,PETase,ASV000610,0.01,0.039184953,1,0.01,0.039184953
272,Day01BHET2,PETase,ASV000043,0.04,0.147983722,2,0.08,0.295967444
271,Day01BHET2,PETase,ASV000020,0.03,0.110987791,2,0.06,0.221975583
273,Day01BHET2,PETase,ASV000610,0.03,0.110987791,1,0.03,0.110987791
275,Day01BHET2,PETase,ASV002442,0.01,0.03699593,2,0.02,0.073991861
274,Day01BHET2,PETase,ASV001694,0.01,0.03699593,1,0.01,0.03699593
277,Day01BHET3,PETase,ASV000043,0.04,0.162271805,2,0.08,0.324543611
276,Day01BHET3,PETase,ASV000020,0.01,0.040567951,2,0.02,0.081135903
278,Day01BHET3,PETase,ASV010556,0.01,0.040567951,1,0.01,0.040567951
279,Day01ExtractionControl,PETase,ASV003868,0.01,0.010913456,1,0.01,0.010913456
24,Day01LowCrys1,PETase,ASV004312,0.01,0.018871485,2,0.02,0.03774297
25,Day01LowCrys1,PETase,ASV004316,0.01,0.018871485,1,0.01,0.018871485
134,Day01LowCrys2,PETase,ASV000020,0.06,0.129338219,2,0.12,0.258676439
135,Day01LowCrys2,PETase,ASV000043,0.02,0.04311274,2,0.04,0.08622548
136,Day01LowCrys2,PETase,ASV000126,0.01,0.02155637,2,0.02,0.04311274
501,Day01LowCrysWater1,PETase,ASV000098,0.01,0.025131943,2,0.02,0.050263885
502,Day01LowCrysWater1,PETase,ASV000610,0.01,0.025131943,1,0.01,0.025131943
527,Day01LowCrysWater2,PETase,ASV002737,0.01,0.021939447,2,0.02,0.043878894
526,Day01LowCrysWater2,PETase,ASV000610,0.01,0.021939447,1,0.01,0.021939447
0,Day01LowCrysWater3,PETase,ASV001694,0.01,0.025445293,1,0.01,0.025445293
424,Day01NoC3,PETase,ASV000043,0.02,0.032976092,2,0.04,0.065952185
425,Day01NoC3,PETase,ASV004559,0.02,0.032976092,1,0.02,0.032976092
426,Day01NoC3,PETase,ASV016970,0.01,0.016488046,1,0.01,0.016488046
257,Day01PET1,PETase,ASV000486,0.01,0.023331778,2,0.02,0.046663556
258,Day01PET1,PETase,ASV000610,0.02,0.046663556,1,0.02,0.046663556
259,Day01WeatherPET1,PETase,ASV000610,0.01,0.026831232,1,0.01,0.026831232
260,Day01WeatherPET2,PETase,ASV000020,0.02,0.058668231,2,0.04,0.117336462
261,Day01WeatherPET2,PETase,ASV000610,0.01,0.029334116,1,0.01,0.029334116
262,Day01WeatherPET2,PETase,ASV004106,0.01,0.029334116,1,0.01,0.029334116
314,Day03BHET2,PETase,ASV000020,0.01,0.022747953,2,0.02,0.045495905
315,Day03BHET2,PETase,ASV000043,0.01,0.022747953,2,0.02,0.045495905
316,Day03BHET2,PETase,ASV000098,0.01,0.022747953,2,0.02,0.045495905
317,Day03BHET2,PETase,ASV000610,0.01,0.022747953,1,0.01,0.022747953
318,Day03BHET3,PETase,ASV000043,0.05,0.120192308,2,0.1,0.240384615
292,Day03LowCrys1,PETase,ASV000020,0.04,0.075872534,2,0.08,0.151745068
293,Day03LowCrys1,PETase,ASV000610,0.01,0.018968134,1,0.01,0.018968134
294,Day03LowCrys3,PETase,ASV000020,0.07,0.150085763,2,0.14,0.300171527
295,Day03LowCrys3,PETase,ASV000043,0.01,0.021440823,2,0.02,0.042881647
284,Day03LowCrysWater1,PETase,ASV000610,0.01,0.028901734,1,0.01,0.028901734
285,Day03LowCrysWater3,PETase,ASV000020,0.01,0.029515939,2,0.02,0.059031877
286,Day03LowCrysWater3,PETase,ASV004106,0.01,0.029515939,1,0.01,0.029515939
280,Day03NoC1,PETase,ASV000020,0.01,0.017943657,2,0.02,0.035887314
282,Day03NoC2,PETase,ASV000043,0.02,0.042158516,2,0.04,0.084317032
281,Day03NoC2,PETase,ASV000020,0.01,0.021079258,2,0.02,0.042158516
283,Day03NoC3,PETase,ASV004030,0.01,0.018392496,1,0.01,0.018392496
297,Day03PET1,PETase,ASV000043,0.04,0.09310987,2,0.08,0.186219739
296,Day03PET1,PETase,ASV000020,0.02,0.046554935,2,0.04,0.09310987
298,Day03PET1,PETase,ASV000098,0.01,0.023277467,2,0.02,0.046554935
299,Day03PET1,PETase,ASV010979,0.01,0.023277467,1,0.01,0.023277467
300,Day03PET2,PETase,ASV000020,0.03,0.067857951,2,0.06,0.135715901
301,Day03PET2,PETase,ASV000610,0.02,0.045238634,1,0.02,0.045238634
302,Day03PET3,PETase,ASV000043,0.01,0.024148756,2,0.02,0.048297513
303,Day03WeatherPET1,PETase,ASV000020,0.02,0.046533271,2,0.04,0.093066543
304,Day03WeatherPET1,PETase,ASV000043,0.01,0.023266636,2,0.02,0.046533271
305,Day03WeatherPET1,PETase,ASV004030,0.01,0.023266636,1,0.01,0.023266636
306,Day03WeatherPET3,PETase,ASV000020,0.04,0.113895216,2,0.08,0.227790433
307,Day03WeatherPET3,PETase,ASV000043,0.01,0.028473804,2,0.02,0.056947608
308,Day03WeatherPET3,PETase,ASV000098,0.01,0.028473804,2,0.02,0.056947608
309,Day03WeatherPET3,PETase,ASV000126,0.01,0.028473804,2,0.02,0.056947608
310,Day03WeatherPET3,PETase,ASV000610,0.01,0.028473804,1,0.01,0.028473804
394,Day07BHET1,PETase,ASV000020,0.01,0.024131274,2,0.02,0.048262548
395,Day07BHET1,PETase,ASV000043,0.01,0.024131274,2,0.02,0.048262548
396,Day07BHET1,PETase,ASV003151,0.01,0.024131274,1,0.01,0.024131274
397,Day07BHET1,PETase,ASV004559,0.01,0.024131274,1,0.01,0.024131274
400,Day07BHET2,PETase,ASV000126,0.02,0.046040516,2,0.04,0.092081031
398,Day07BHET2,PETase,ASV000020,0.01,0.023020258,2,0.02,0.046040516
399,Day07BHET2,PETase,ASV000043,0.01,0.023020258,2,0.02,0.046040516
401,Day07BHET3,PETase,ASV000020,0.01,0.022411475,2,0.02,0.044822949
402,Day07BHET3,PETase,ASV000621,0.01,0.022411475,2,0.02,0.044822949
403,Day07BHET3,PETase,ASV002887,0.01,0.022411475,2,0.02,0.044822949
404,Day07BHET3,PETase,ASV004312,0.01,0.022411475,2,0.02,0.044822949
333,Day07LowCrys1,PETase,ASV000020,0.01,0.020230629,2,0.02,0.040461258
334,Day07LowCrys2,PETase,ASV000020,0.09,0.191407912,2,0.18,0.382815823
335,Day07LowCrys2,PETase,ASV000043,0.03,0.063802637,2,0.06,0.127605274
336,Day07LowCrys2,PETase,ASV000098,0.01,0.021267546,2,0.02,0.042535091
337,Day07LowCrys3,PETase,ASV000020,0.03,0.072992701,2,0.06,0.145985401
338,Day07LowCrys3,PETase,ASV000043,0.01,0.0243309,2,0.02,0.0486618
332,Day07LowCrysWater3,PETase,ASV000020,0.01,0.028571429,2,0.02,0.057142857
319,Day07NoC1,PETase,ASV000043,0.01,0.01789549,2,0.02,0.035790981
320,Day07NoC1,PETase,ASV000126,0.01,0.01789549,2,0.02,0.035790981
322,Day07NoC2,PETase,ASV000043,0.02,0.039517882,2,0.04,0.079035764
321,Day07NoC2,PETase,ASV000020,0.01,0.019758941,2,0.02,0.039517882
323,Day07NoC2,PETase,ASV000098,0.01,0.019758941,2,0.02,0.039517882
328,Day07NoC2,PETase,ASV011523,0.01,0.019758941,2,0.02,0.039517882
324,Day07NoC2,PETase,ASV000610,0.01,0.019758941,1,0.01,0.019758941
325,Day07NoC2,PETase,ASV003951,0.01,0.019758941,1,0.01,0.019758941
326,Day07NoC2,PETase,ASV006256,0.01,0.019758941,1,0.01,0.019758941
327,Day07NoC2,PETase,ASV007925,0.01,0.019758941,1,0.01,0.019758941
329,Day07NoC3,PETase,ASV000610,0.03,0.048084629,1,0.03,0.048084629
330,Day07NoC3,PETase,ASV001181,0.01,0.01602821,2,0.02,0.032056419
331,Day07NoC3,PETase,ASV016099,0.01,0.01602821,1,0.01,0.01602821
340,Day07PET1,PETase,ASV000043,1.25,2.206920904,2,2.5,4.413841808
339,Day07PET1,PETase,ASV000020,1.14,2.012711864,2,2.28,4.025423729
342,Day07PET1,PETase,ASV000126,0.28,0.494350282,2,0.56,0.988700565
341,Day07PET1,PETase,ASV000098,0.23,0.406073446,2,0.46,0.812146893
343,Day07PET1,PETase,ASV002089,0.05,0.088276836,2,0.1,0.176553672
344,Day07PET2,PETase,ASV000020,2.43,4.891304348,2,4.86,9.782608696
345,Day07PET2,PETase,ASV000043,1.27,2.556360709,2,2.54,5.112721417
346,Day07PET2,PETase,ASV000098,0.42,0.845410628,2,0.84,1.690821256
347,Day07PET2,PETase,ASV000126,0.3,0.603864734,2,0.6,1.207729469
349,Day07PET2,PETase,ASV000621,0.02,0.040257649,2,0.04,0.080515298
351,Day07PET2,PETase,ASV003774,0.02,0.040257649,2,0.04,0.080515298
348,Day07PET2,PETase,ASV000486,0.01,0.020128824,2,0.02,0.040257649
350,Day07PET2,PETase,ASV002887,0.01,0.020128824,2,0.02,0.040257649
352,Day07PET2,PETase,ASV011883,0.01,0.020128824,2,0.02,0.040257649
354,Day07PET3,PETase,ASV000043,0.13,0.257272907,2,0.26,0.514545814
353,Day07PET3,PETase,ASV000020,0.1,0.197902236,2,0.2,0.395804473
356,Day07PET3,PETase,ASV000126,0.02,0.039580447,2,0.04,0.079160895
358,Day07PET3,PETase,ASV001694,0.03,0.059370671,1,0.03,0.059370671
355,Day07PET3,PETase,ASV000098,0.01,0.019790224,2,0.02,0.039580447
357,Day07PET3,PETase,ASV000859,0.01,0.019790224,2,0.02,0.039580447
360,Day07PET3,PETase,ASV016415,0.01,0.019790224,2,0.02,0.039580447
359,Day07PET3,PETase,ASV004106,0.01,0.019790224,1,0.01,0.019790224
361,Day07WeatherPET1,PETase,ASV000020,0.24,0.475059382,2,0.48,0.950118765
362,Day07WeatherPET1,PETase,ASV000043,0.18,0.356294537,2,0.36,0.712589074
363,Day07WeatherPET1,PETase,ASV000098,0.11,0.21773555,2,0.22,0.435471101
364,Day07WeatherPET1,PETase,ASV000126,0.01,0.019794141,2,0.02,0.039588282
365,Day07WeatherPET1,PETase,ASV000486,0.01,0.019794141,2,0.02,0.039588282
366,Day07WeatherPET1,PETase,ASV001422,0.01,0.019794141,2,0.02,0.039588282
367,Day07WeatherPET1,PETase,ASV004738,0.01,0.019794141,2,0.02,0.039588282
368,Day07WeatherPET1,PETase,ASV005194,0.01,0.019794141,2,0.02,0.039588282
369,Day07WeatherPET1,PETase,ASV016459,0.01,0.019794141,2,0.02,0.039588282
370,Day07WeatherPET2,PETase,ASV000020,0.19,0.425722608,2,0.38,0.851445216
371,Day07WeatherPET2,PETase,ASV000043,0.1,0.224064531,2,0.2,0.448129061
373,Day07WeatherPET2,PETase,ASV000126,0.03,0.067219359,2,0.06,0.134438718
374,Day07WeatherPET2,PETase,ASV000272,0.02,0.044812906,2,0.04,0.089625812
377,Day07WeatherPET2,PETase,ASV008182,0.02,0.044812906,2,0.04,0.089625812
372,Day07WeatherPET2,PETase,ASV000098,0.01,0.022406453,2,0.02,0.044812906
375,Day07WeatherPET2,PETase,ASV000621,0.01,0.022406453,2,0.02,0.044812906
376,Day07WeatherPET2,PETase,ASV000859,0.01,0.022406453,2,0.02,0.044812906
378,Day07WeatherPET3,PETase,ASV000020,2.84,5.813715455,2,5.68,11.62743091
379,Day07WeatherPET3,PETase,ASV000043,1.4,2.86591607,2,2.8,5.731832139
380,Day07WeatherPET3,PETase,ASV000098,0.38,0.777891505,2,0.76,1.555783009
381,Day07WeatherPET3,PETase,ASV000126,0.24,0.491299898,2,0.48,0.982599795
383,Day07WeatherPET3,PETase,ASV000859,0.04,0.081883316,2,0.08,0.163766633
384,Day07WeatherPET3,PETase,ASV001672,0.03,0.061412487,2,0.06,0.122824974
386,Day07WeatherPET3,PETase,ASV003511,0.02,0.040941658,2,0.04,0.081883316
382,Day07WeatherPET3,PETase,ASV000486,0.01,0.020470829,2,0.02,0.040941658
387,Day07WeatherPET3,PETase,ASV004738,0.01,0.020470829,2,0.02,0.040941658
388,Day07WeatherPET3,PETase,ASV005219,0.01,0.020470829,2,0.02,0.040941658
389,Day07WeatherPET3,PETase,ASV005294,0.01,0.020470829,2,0.02,0.040941658
390,Day07WeatherPET3,PETase,ASV012056,0.01,0.020470829,2,0.02,0.040941658
391,Day07WeatherPET3,PETase,ASV012061,0.01,0.020470829,2,0.02,0.040941658
392,Day07WeatherPET3,PETase,ASV012068,0.01,0.020470829,2,0.02,0.040941658
393,Day07WeatherPET3,PETase,ASV012082,0.01,0.020470829,2,0.02,0.040941658
385,Day07WeatherPET3,PETase,ASV003151,0.01,0.020470829,1,0.01,0.020470829
497,Day14BHET1,PETase,ASV000020,0.01,0.022011886,2,0.02,0.044023773
498,Day14BHET1,PETase,ASV000610,0.01,0.022011886,1,0.01,0.022011886
499,Day14BHET2,PETase,ASV000098,0.01,0.021781747,2,0.02,0.043563494
500,Day14BHET3,PETase,ASV000043,0.03,0.067765981,2,0.06,0.135531963
503,Day14ExtractionControl,PETase,ASV000020,0.01,0.010607829,2,0.02,0.021215657
504,Day14ExtractionControl,PETase,ASV004316,0.02,0.021215657,1,0.02,0.021215657
418,Day14LowCrys1,PETase,ASV000020,0.06,0.099535501,2,0.12,0.199071002
419,Day14LowCrys1,PETase,ASV000098,0.01,0.01658925,2,0.02,0.0331785
420,Day14LowCrys2,PETase,ASV000020,0.07,0.122763942,2,0.14,0.245527885
421,Day14LowCrys2,PETase,ASV000043,0.01,0.017537706,2,0.02,0.035075412
422,Day14LowCrys2,PETase,ASV000098,0.01,0.017537706,2,0.02,0.035075412
423,Day14LowCrys2,PETase,ASV001181,0.01,0.017537706,2,0.02,0.035075412
427,Day14LowCrys3,PETase,ASV000020,0.02,0.037016472,2,0.04,0.074032945
428,Day14LowCrys3,PETase,ASV000486,0.02,0.037016472,2,0.04,0.074032945
429,Day14LowCrys3,PETase,ASV004106,0.01,0.018508236,1,0.01,0.018508236
413,Day14LowCrysWater1,PETase,ASV001694,0.01,0.020300447,1,0.01,0.020300447
414,Day14LowCrysWater1,PETase,ASV002444,0.01,0.020300447,1,0.01,0.020300447
415,Day14LowCrysWater1,PETase,ASV004307,0.01,0.020300447,1,0.01,0.020300447
416,Day14LowCrysWater2,PETase,ASV004307,0.01,0.018521949,1,0.01,0.018521949
417,Day14LowCrysWater3,PETase,ASV000020,0.01,0.022406453,2,0.02,0.044812906
405,Day14NoC1,PETase,ASV001694,0.02,0.032642402,1,0.02,0.032642402
406,Day14NoC1,PETase,ASV003151,0.01,0.016321201,1,0.01,0.016321201
407,Day14NoC2,PETase,ASV000020,0.03,0.051876189,2,0.06,0.103752378
408,Day14NoC2,PETase,ASV000043,0.03,0.051876189,2,0.06,0.103752378
409,Day14NoC2,PETase,ASV000610,0.02,0.034584126,1,0.02,0.034584126
410,Day14NoC2,PETase,ASV001694,0.01,0.017292063,1,0.01,0.017292063
411,Day14NoC3,PETase,ASV001181,0.01,0.015183723,2,0.02,0.030367446
412,Day14NoC3,PETase,ASV004312,0.01,0.015183723,2,0.02,0.030367446
430,Day14PET1,PETase,ASV000020,0.92,1.64933668,2,1.84,3.29867336
431,Day14PET1,PETase,ASV000043,0.86,1.541771244,2,1.72,3.083542488
433,Day14PET1,PETase,ASV000126,0.15,0.268913589,2,0.3,0.537827178
432,Day14PET1,PETase,ASV000098,0.12,0.215130871,2,0.24,0.430261743
434,Day14PET1,PETase,ASV000859,0.03,0.053782718,2,0.06,0.107565436
435,Day14PET1,PETase,ASV012585,0.01,0.017927573,2,0.02,0.035855145
436,Day14PET1,PETase,ASV012633,0.01,0.017927573,2,0.02,0.035855145
437,Day14PET1,PETase,ASV017001,0.01,0.017927573,2,0.02,0.035855145
438,Day14PET2,PETase,ASV000020,3.81,7.250237869,2,7.62,14.50047574
439,Day14PET2,PETase,ASV000043,1.84,3.501427212,2,3.68,7.002854424
440,Day14PET2,PETase,ASV000098,0.43,0.818268316,2,0.86,1.636536632
441,Day14PET2,PETase,ASV000126,0.3,0.570884872,2,0.6,1.141769743
443,Day14PET2,PETase,ASV002089,0.03,0.057088487,2,0.06,0.114176974
442,Day14PET2,PETase,ASV000621,0.02,0.038058991,2,0.04,0.076117983
446,Day14PET2,PETase,ASV002887,0.02,0.038058991,2,0.04,0.076117983
444,Day14PET2,PETase,ASV002442,0.01,0.019029496,2,0.02,0.038058991
445,Day14PET2,PETase,ASV002737,0.01,0.019029496,2,0.02,0.038058991
447,Day14PET2,PETase,ASV002893,0.01,0.019029496,2,0.02,0.038058991
448,Day14PET2,PETase,ASV003511,0.01,0.019029496,2,0.02,0.038058991
449,Day14PET2,PETase,ASV012665,0.01,0.019029496,2,0.02,0.038058991
450,Day14PET2,PETase,ASV012666,0.01,0.019029496,2,0.02,0.038058991
451,Day14PET2,PETase,ASV012702,0.01,0.019029496,2,0.02,0.038058991
452,Day14PET3,PETase,ASV000020,0.23,0.417044424,2,0.46,0.834088849
453,Day14PET3,PETase,ASV000043,0.13,0.235720762,2,0.26,0.471441523
454,Day14PET3,PETase,ASV000098,0.04,0.072529465,2,0.08,0.14505893
455,Day14PET3,PETase,ASV000126,0.03,0.054397099,2,0.06,0.108794198
456,Day14PET3,PETase,ASV000621,0.03,0.054397099,2,0.06,0.108794198
459,Day14PET3,PETase,ASV003071,0.02,0.036264733,2,0.04,0.072529465
457,Day14PET3,PETase,ASV000859,0.01,0.018132366,2,0.02,0.036264733
458,Day14PET3,PETase,ASV001181,0.01,0.018132366,2,0.02,0.036264733
460,Day14PET3,PETase,ASV017089,0.01,0.018132366,2,0.02,0.036264733
461,Day14WeatherPET1,PETase,ASV000020,11.2,21.6802168,2,22.4,43.3604336
462,Day14WeatherPET1,PETase,ASV000043,4.34,8.401084011,2,8.68,16.80216802
463,Day14WeatherPET1,PETase,ASV000098,1.19,2.303523035,2,2.38,4.60704607
464,Day14WeatherPET1,PETase,ASV000126,0.5,0.967866822,2,1,1.935733643
466,Day14WeatherPET1,PETase,ASV000621,0.05,0.096786682,2,0.1,0.193573364
467,Day14WeatherPET1,PETase,ASV000859,0.03,0.058072009,2,0.06,0.116144019
468,Day14WeatherPET1,PETase,ASV001422,0.02,0.038714673,2,0.04,0.077429346
469,Day14WeatherPET1,PETase,ASV001672,0.02,0.038714673,2,0.04,0.077429346
470,Day14WeatherPET1,PETase,ASV001853,0.02,0.038714673,2,0.04,0.077429346
465,Day14WeatherPET1,PETase,ASV000486,0.01,0.019357336,2,0.02,0.038714673
471,Day14WeatherPET1,PETase,ASV001854,0.01,0.019357336,2,0.02,0.038714673
472,Day14WeatherPET1,PETase,ASV002089,0.01,0.019357336,2,0.02,0.038714673
473,Day14WeatherPET1,PETase,ASV005304,0.01,0.019357336,2,0.02,0.038714673
474,Day14WeatherPET1,PETase,ASV008485,0.01,0.019357336,2,0.02,0.038714673
475,Day14WeatherPET1,PETase,ASV012771,0.01,0.019357336,2,0.02,0.038714673
476,Day14WeatherPET1,PETase,ASV012788,0.01,0.019357336,2,0.02,0.038714673
477,Day14WeatherPET2,PETase,ASV000020,0.68,1.547564861,2,1.36,3.095129722
478,Day14WeatherPET2,PETase,ASV000043,0.52,1.183431953,2,1.04,2.366863905
480,Day14WeatherPET2,PETase,ASV000126,0.14,0.318616295,2,0.28,0.63723259
479,Day14WeatherPET2,PETase,ASV000098,0.1,0.227583068,2,0.2,0.455166136
481,Day14WeatherPET2,PETase,ASV000272,0.07,0.159308147,2,0.14,0.318616295
482,Day14WeatherPET2,PETase,ASV000621,0.03,0.06827492,2,0.06,0.136549841
483,Day14WeatherPET2,PETase,ASV000859,0.01,0.022758307,2,0.02,0.045516614
484,Day14WeatherPET2,PETase,ASV002444,0.02,0.045516614,1,0.02,0.045516614
485,Day14WeatherPET2,PETase,ASV002737,0.01,0.022758307,2,0.02,0.045516614
486,Day14WeatherPET2,PETase,ASV002893,0.01,0.022758307,2,0.02,0.045516614
487,Day14WeatherPET3,PETase,ASV000020,0.41,0.839647758,2,0.82,1.679295515
488,Day14WeatherPET3,PETase,ASV000043,0.33,0.675814049,2,0.66,1.351628097
490,Day14WeatherPET3,PETase,ASV000126,0.1,0.204792136,2,0.2,0.409584272
489,Day14WeatherPET3,PETase,ASV000098,0.07,0.143354495,2,0.14,0.28670899
491,Day14WeatherPET3,PETase,ASV001181,0.02,0.040958427,2,0.04,0.081916854
492,Day14WeatherPET3,PETase,ASV001854,0.01,0.020479214,2,0.02,0.040958427
494,Day14WeatherPET3,PETase,ASV012904,0.01,0.020479214,2,0.02,0.040958427
495,Day14WeatherPET3,PETase,ASV012910,0.01,0.020479214,2,0.02,0.040958427
496,Day14WeatherPET3,PETase,ASV017219,0.01,0.020479214,2,0.02,0.040958427
493,Day14WeatherPET3,PETase,ASV004559,0.01,0.020479214,1,0.01,0.020479214
646,Day21BHET1,PETase,ASV000020,0.01,0.020157226,2,0.02,0.040314453
1,Day21BHET2,PETase,ASV000043,0.01,0.021834061,2,0.02,0.043668122
2,Day21BHET2,PETase,ASV000098,0.01,0.021834061,2,0.02,0.043668122
3,Day21BHET3,PETase,ASV000020,0.03,0.064836827,2,0.06,0.129673655
4,Day21BHET3,PETase,ASV000043,0.01,0.021612276,2,0.02,0.043224552
518,Day21LowCrys1,PETase,ASV000020,0.01,0.015954052,2,0.02,0.031908105
519,Day21LowCrys1,PETase,ASV000043,0.01,0.015954052,2,0.02,0.031908105
520,Day21LowCrys1,PETase,ASV000486,0.01,0.015954052,2,0.02,0.031908105
521,Day21LowCrys1,PETase,ASV001853,0.01,0.015954052,2,0.02,0.031908105
522,Day21LowCrys2,PETase,ASV000020,0.03,0.056064287,2,0.06,0.112128574
523,Day21LowCrys2,PETase,ASV000486,0.01,0.018688096,2,0.02,0.037376191
524,Day21LowCrys3,PETase,ASV000020,0.01,0.018218255,2,0.02,0.036436509
525,Day21LowCrys3,PETase,ASV001181,0.01,0.018218255,2,0.02,0.036436509
515,Day21LowCrysWater2,PETase,ASV000486,0.01,0.017838031,2,0.02,0.035676061
516,Day21LowCrysWater2,PETase,ASV004307,0.01,0.017838031,1,0.01,0.017838031
517,Day21LowCrysWater2,PETase,ASV006256,0.01,0.017838031,1,0.01,0.017838031
505,Day21NoC1,PETase,ASV000020,0.02,0.033715442,2,0.04,0.067430883
506,Day21NoC1,PETase,ASV001181,0.01,0.016857721,2,0.02,0.033715442
507,Day21NoC1,PETase,ASV003951,0.01,0.016857721,1,0.01,0.016857721
508,Day21NoC2,PETase,ASV000020,0.05,0.087062511,2,0.1,0.174125022
511,Day21NoC2,PETase,ASV000486,0.02,0.034825004,2,0.04,0.069650009
509,Day21NoC2,PETase,ASV000043,0.01,0.017412502,2,0.02,0.034825004
510,Day21NoC2,PETase,ASV000126,0.01,0.017412502,2,0.02,0.034825004
513,Day21NoC2,PETase,ASV002887,0.01,0.017412502,2,0.02,0.034825004
512,Day21NoC2,PETase,ASV001694,0.01,0.017412502,1,0.01,0.017412502
514,Day21NoC3,PETase,ASV004030,0.01,0.014300014,1,0.01,0.014300014
528,Day21PET1,PETase,ASV000020,2.21,3.901147396,2,4.42,7.802294793
529,Day21PET1,PETase,ASV000043,1.24,2.188879082,2,2.48,4.377758164
530,Day21PET1,PETase,ASV000098,0.28,0.494263019,2,0.56,0.988526037
531,Day21PET1,PETase,ASV000126,0.12,0.211827008,2,0.24,0.423654016
534,Day21PET1,PETase,ASV000859,0.02,0.035304501,2,0.04,0.070609003
532,Day21PET1,PETase,ASV000486,0.01,0.017652251,2,0.02,0.035304501
533,Day21PET1,PETase,ASV000621,0.01,0.017652251,2,0.02,0.035304501
535,Day21PET1,PETase,ASV001672,0.01,0.017652251,2,0.02,0.035304501
536,Day21PET1,PETase,ASV002089,0.01,0.017652251,2,0.02,0.035304501
537,Day21PET1,PETase,ASV013503,0.01,0.017652251,2,0.02,0.035304501
538,Day21PET1,PETase,ASV013508,0.01,0.017652251,2,0.02,0.035304501
539,Day21PET1,PETase,ASV013542,0.01,0.017652251,2,0.02,0.035304501
540,Day21PET1,PETase,ASV017766,0.01,0.017652251,2,0.02,0.035304501
541,Day21PET1,PETase,ASV017793,0.01,0.017652251,2,0.02,0.035304501
542,Day21PET2,PETase,ASV000020,3.81,7.100260902,2,7.62,14.2005218
543,Day21PET2,PETase,ASV000043,1.57,2.925829296,2,3.14,5.851658591
544,Day21PET2,PETase,ASV000098,0.48,0.894521059,2,0.96,1.789042117
545,Day21PET2,PETase,ASV000126,0.29,0.540439806,2,0.58,1.080879612
554,Day21PET2,PETase,ASV006452,0.03,0.055907566,2,0.06,0.111815132
555,Day21PET2,PETase,ASV008802,0.02,0.037271711,2,0.04,0.074543422
556,Day21PET2,PETase,ASV008806,0.02,0.037271711,2,0.04,0.074543422
546,Day21PET2,PETase,ASV000486,0.01,0.018635855,2,0.02,0.037271711
547,Day21PET2,PETase,ASV000621,0.01,0.018635855,2,0.02,0.037271711
548,Day21PET2,PETase,ASV000859,0.01,0.018635855,2,0.02,0.037271711
549,Day21PET2,PETase,ASV001181,0.01,0.018635855,2,0.02,0.037271711
550,Day21PET2,PETase,ASV001422,0.01,0.018635855,2,0.02,0.037271711
551,Day21PET2,PETase,ASV001672,0.01,0.018635855,2,0.02,0.037271711
553,Day21PET2,PETase,ASV005294,0.01,0.018635855,2,0.02,0.037271711
557,Day21PET2,PETase,ASV013553,0.01,0.018635855,2,0.02,0.037271711
558,Day21PET2,PETase,ASV013564,0.01,0.018635855,2,0.02,0.037271711
559,Day21PET2,PETase,ASV013593,0.01,0.018635855,2,0.02,0.037271711
560,Day21PET2,PETase,ASV017817,0.01,0.018635855,2,0.02,0.037271711
561,Day21PET2,PETase,ASV017821,0.01,0.018635855,2,0.02,0.037271711
562,Day21PET2,PETase,ASV017822,0.01,0.018635855,2,0.02,0.037271711
563,Day21PET2,PETase,ASV017829,0.01,0.018635855,2,0.02,0.037271711
564,Day21PET2,PETase,ASV017831,0.01,0.018635855,2,0.02,0.037271711
565,Day21PET2,PETase,ASV017843,0.01,0.018635855,2,0.02,0.037271711
552,Day21PET2,PETase,ASV003151,0.01,0.018635855,1,0.01,0.018635855
566,Day21PET3,PETase,ASV000020,0.72,1.289860265,2,1.44,2.57972053
567,Day21PET3,PETase,ASV000043,0.34,0.609100681,2,0.68,1.218201362
568,Day21PET3,PETase,ASV000098,0.09,0.161232533,2,0.18,0.322465066
569,Day21PET3,PETase,ASV000126,0.04,0.071658904,2,0.08,0.143317807
570,Day21PET3,PETase,ASV000486,0.02,0.035829452,2,0.04,0.071658904
573,Day21PET3,PETase,ASV008825,0.02,0.035829452,2,0.04,0.071658904
574,Day21PET3,PETase,ASV013603,0.02,0.035829452,2,0.04,0.071658904
575,Day21PET3,PETase,ASV013647,0.02,0.035829452,2,0.04,0.071658904
571,Day21PET3,PETase,ASV002442,0.01,0.017914726,2,0.02,0.035829452
576,Day21PET3,PETase,ASV017868,0.01,0.017914726,2,0.02,0.035829452
577,Day21PET3,PETase,ASV017895,0.01,0.017914726,2,0.02,0.035829452
572,Day21PET3,PETase,ASV002444,0.01,0.017914726,1,0.01,0.017914726
578,Day21WeatherPET1,PETase,ASV000020,6.08,10.95298144,2,12.16,21.90596289
579,Day21WeatherPET1,PETase,ASV000043,2.73,4.918032787,2,5.46,9.836065574
580,Day21WeatherPET1,PETase,ASV000098,0.73,1.315078364,2,1.46,2.630156729
581,Day21WeatherPET1,PETase,ASV000126,0.5,0.900738606,2,1,1.801477211
588,Day21WeatherPET1,PETase,ASV002319,0.04,0.072059088,2,0.08,0.144118177
583,Day21WeatherPET1,PETase,ASV000621,0.03,0.054044316,2,0.06,0.108088633
582,Day21WeatherPET1,PETase,ASV000486,0.02,0.036029544,2,0.04,0.072059088
584,Day21WeatherPET1,PETase,ASV000859,0.02,0.036029544,2,0.04,0.072059088
591,Day21WeatherPET1,PETase,ASV002893,0.02,0.036029544,2,0.04,0.072059088
585,Day21WeatherPET1,PETase,ASV001181,0.01,0.018014772,2,0.02,0.036029544
586,Day21WeatherPET1,PETase,ASV001853,0.01,0.018014772,2,0.02,0.036029544
587,Day21WeatherPET1,PETase,ASV002089,0.01,0.018014772,2,0.02,0.036029544
589,Day21WeatherPET1,PETase,ASV002442,0.01,0.018014772,2,0.02,0.036029544
590,Day21WeatherPET1,PETase,ASV002886,0.01,0.018014772,2,0.02,0.036029544
592,Day21WeatherPET1,PETase,ASV003071,0.01,0.018014772,2,0.02,0.036029544
594,Day21WeatherPET1,PETase,ASV003511,0.01,0.018014772,2,0.02,0.036029544
595,Day21WeatherPET1,PETase,ASV003774,0.01,0.018014772,2,0.02,0.036029544
596,Day21WeatherPET1,PETase,ASV004344,0.01,0.018014772,2,0.02,0.036029544
597,Day21WeatherPET1,PETase,ASV004738,0.01,0.018014772,2,0.02,0.036029544
598,Day21WeatherPET1,PETase,ASV005294,0.01,0.018014772,2,0.02,0.036029544
599,Day21WeatherPET1,PETase,ASV013658,0.01,0.018014772,2,0.02,0.036029544
600,Day21WeatherPET1,PETase,ASV013670,0.01,0.018014772,2,0.02,0.036029544
601,Day21WeatherPET1,PETase,ASV013707,0.01,0.018014772,2,0.02,0.036029544
602,Day21WeatherPET1,PETase,ASV017987,0.01,0.018014772,2,0.02,0.036029544
593,Day21WeatherPET1,PETase,ASV003151,0.01,0.018014772,1,0.01,0.018014772
603,Day21WeatherPET2,PETase,ASV000020,2.99,5.803571429,2,5.98,11.60714286
604,Day21WeatherPET2,PETase,ASV000043,1.24,2.406832298,2,2.48,4.813664596
605,Day21WeatherPET2,PETase,ASV000098,0.38,0.73757764,2,0.76,1.47515528
606,Day21WeatherPET2,PETase,ASV000126,0.26,0.504658385,2,0.52,1.00931677
607,Day21WeatherPET2,PETase,ASV000272,0.24,0.465838509,2,0.48,0.931677019
609,Day21WeatherPET2,PETase,ASV000621,0.05,0.097049689,2,0.1,0.194099379
608,Day21WeatherPET2,PETase,ASV000486,0.03,0.058229814,2,0.06,0.116459627
615,Day21WeatherPET2,PETase,ASV002089,0.03,0.058229814,2,0.06,0.116459627
617,Day21WeatherPET2,PETase,ASV002594,0.03,0.058229814,2,0.06,0.116459627
622,Day21WeatherPET2,PETase,ASV008847,0.02,0.038819876,2,0.04,0.077639752
623,Day21WeatherPET2,PETase,ASV008855,0.02,0.038819876,2,0.04,0.077639752
610,Day21WeatherPET2,PETase,ASV000859,0.01,0.019409938,2,0.02,0.038819876
611,Day21WeatherPET2,PETase,ASV001181,0.01,0.019409938,2,0.02,0.038819876
612,Day21WeatherPET2,PETase,ASV001422,0.01,0.019409938,2,0.02,0.038819876
613,Day21WeatherPET2,PETase,ASV001672,0.01,0.019409938,2,0.02,0.038819876
614,Day21WeatherPET2,PETase,ASV001853,0.01,0.019409938,2,0.02,0.038819876
616,Day21WeatherPET2,PETase,ASV002442,0.01,0.019409938,2,0.02,0.038819876
618,Day21WeatherPET2,PETase,ASV002887,0.01,0.019409938,2,0.02,0.038819876
619,Day21WeatherPET2,PETase,ASV003511,0.01,0.019409938,2,0.02,0.038819876
620,Day21WeatherPET2,PETase,ASV003774,0.01,0.019409938,2,0.02,0.038819876
621,Day21WeatherPET2,PETase,ASV004730,0.01,0.019409938,2,0.02,0.038819876
624,Day21WeatherPET2,PETase,ASV013716,0.01,0.019409938,2,0.02,0.038819876
625,Day21WeatherPET2,PETase,ASV013745,0.01,0.019409938,2,0.02,0.038819876
626,Day21WeatherPET2,PETase,ASV013760,0.01,0.019409938,1,0.01,0.019409938
627,Day21WeatherPET3,PETase,ASV000020,1.87,3.45592312,2,3.74,6.911846239
628,Day21WeatherPET3,PETase,ASV000043,1.27,2.347070782,2,2.54,4.694141563
629,Day21WeatherPET3,PETase,ASV000098,0.33,0.609868786,2,0.66,1.219737572
630,Day21WeatherPET3,PETase,ASV000126,0.2,0.369617446,2,0.4,0.739234892
631,Day21WeatherPET3,PETase,ASV000486,0.07,0.129366106,2,0.14,0.258732212
641,Day21WeatherPET3,PETase,ASV008860,0.04,0.073923489,2,0.08,0.147846978
642,Day21WeatherPET3,PETase,ASV008863,0.04,0.073923489,2,0.08,0.147846978
632,Day21WeatherPET3,PETase,ASV000621,0.02,0.036961745,2,0.04,0.073923489
635,Day21WeatherPET3,PETase,ASV001672,0.02,0.036961745,2,0.04,0.073923489
636,Day21WeatherPET3,PETase,ASV001854,0.02,0.036961745,2,0.04,0.073923489
639,Day21WeatherPET3,PETase,ASV003774,0.02,0.036961745,2,0.04,0.073923489
640,Day21WeatherPET3,PETase,ASV005219,0.02,0.036961745,2,0.04,0.073923489
633,Day21WeatherPET3,PETase,ASV000859,0.01,0.018480872,2,0.02,0.036961745
634,Day21WeatherPET3,PETase,ASV001181,0.01,0.018480872,2,0.02,0.036961745
637,Day21WeatherPET3,PETase,ASV002594,0.01,0.018480872,2,0.02,0.036961745
638,Day21WeatherPET3,PETase,ASV002887,0.01,0.018480872,2,0.02,0.036961745
643,Day21WeatherPET3,PETase,ASV018037,0.01,0.018480872,2,0.02,0.036961745
644,Day21WeatherPET3,PETase,ASV018061,0.01,0.018480872,2,0.02,0.036961745
645,Day21WeatherPET3,PETase,ASV018079,0.01,0.018480872,2,0.02,0.036961745
131,Day30BHET1,PETase,ASV000020,0.01,0.021881838,2,0.02,0.043763676
132,Day30BHET1,PETase,ASV000043,0.01,0.021881838,2,0.02,0.043763676
133,Day30BHET2,PETase,ASV000043,0.01,0.023992322,2,0.02,0.047984645
137,Day30BHET3,PETase,ASV000020,0.03,0.065616798,2,0.06,0.131233596
138,Day30BHET3,PETase,ASV000043,0.01,0.021872266,2,0.02,0.043744532
139,Day30BHET3,PETase,ASV000098,0.01,0.021872266,2,0.02,0.043744532
140,Day30BHET3,PETase,ASV000621,0.01,0.021872266,2,0.02,0.043744532
141,Day30ExtractionControl,PETase,ASV000020,0.16,0.188124633,2,0.32,0.376249265
22,Day30LowCrys1,PETase,ASV000486,0.02,0.029881966,2,0.04,0.059763932
21,Day30LowCrys1,PETase,ASV000020,0.01,0.014940983,2,0.02,0.029881966
23,Day30LowCrys1,PETase,ASV004307,0.01,0.014940983,1,0.01,0.014940983
26,Day30LowCrys2,PETase,ASV000020,0.01,0.017149717,2,0.02,0.034299434
27,Day30LowCrys2,PETase,ASV000486,0.01,0.017149717,2,0.02,0.034299434
28,Day30LowCrys2,PETase,ASV000610,0.01,0.017149717,1,0.01,0.017149717
29,Day30LowCrys3,PETase,ASV000020,0.01,0.01694628,2,0.02,0.033892561
30,Day30LowCrys3,PETase,ASV000486,0.01,0.01694628,2,0.02,0.033892561
14,Day30LowCrysWater1,PETase,ASV000610,0.01,0.01782849,1,0.01,0.01782849
16,Day30LowCrysWater2,PETase,ASV000486,0.05,0.088028169,2,0.1,0.176056338
15,Day30LowCrysWater2,PETase,ASV000020,0.02,0.035211268,2,0.04,0.070422535
17,Day30LowCrysWater3,PETase,ASV000020,0.02,0.039223377,2,0.04,0.078446754
18,Day30LowCrysWater3,PETase,ASV000486,0.02,0.039223377,2,0.04,0.078446754
19,Day30LowCrysWater3,PETase,ASV000610,0.02,0.039223377,1,0.02,0.039223377
20,Day30LowCrysWater3,PETase,ASV003951,0.02,0.039223377,1,0.02,0.039223377
5,Day30NoC1,PETase,ASV001181,0.01,0.015671525,2,0.02,0.03134305
6,Day30NoC1,PETase,ASV003951,0.01,0.015671525,1,0.01,0.015671525
7,Day30NoC2,PETase,ASV000020,0.02,0.038015586,2,0.04,0.076031173
10,Day30NoC2,PETase,ASV000486,0.02,0.038015586,2,0.04,0.076031173
8,Day30NoC2,PETase,ASV000043,0.01,0.019007793,2,0.02,0.038015586
9,Day30NoC2,PETase,ASV000098,0.01,0.019007793,2,0.02,0.038015586
11,Day30NoC2,PETase,ASV009119,0.01,0.019007793,2,0.02,0.038015586
12,Day30NoC3,PETase,ASV000486,0.01,0.014994752,2,0.02,0.029989504
13,Day30NoC3,PETase,ASV001181,0.01,0.014994752,2,0.02,0.029989504
31,Day30PET1,PETase,ASV000020,4.9,10.18287614,2,9.8,20.36575229
32,Day30PET1,PETase,ASV000043,1.74,3.6159601,2,3.48,7.2319202
33,Day30PET1,PETase,ASV000098,0.65,1.350789692,2,1.3,2.701579385
34,Day30PET1,PETase,ASV000126,0.42,0.872817955,2,0.84,1.74563591
35,Day30PET1,PETase,ASV001181,0.03,0.06234414,2,0.06,0.124688279
38,Day30PET1,PETase,ASV005178,0.03,0.06234414,2,0.06,0.124688279
36,Day30PET1,PETase,ASV001422,0.01,0.02078138,2,0.02,0.04156276
37,Day30PET1,PETase,ASV001694,0.01,0.02078138,1,0.01,0.02078138
39,Day30PET2,PETase,ASV000020,8.97,15.85085704,2,17.94,31.70171408
40,Day30PET2,PETase,ASV000043,2.65,4.682806149,2,5.3,9.365612299
41,Day30PET2,PETase,ASV000098,0.8,1.413677328,2,1.6,2.827354656
42,Day30PET2,PETase,ASV000126,0.33,0.583141898,2,0.66,1.166283796
45,Day30PET2,PETase,ASV000621,0.03,0.0530129,2,0.06,0.1060258
46,Day30PET2,PETase,ASV000859,0.02,0.035341933,2,0.04,0.070683866
48,Day30PET2,PETase,ASV001422,0.02,0.035341933,2,0.04,0.070683866
57,Day30PET2,PETase,ASV006758,0.02,0.035341933,2,0.04,0.070683866
43,Day30PET2,PETase,ASV000486,0.01,0.017670967,2,0.02,0.035341933
47,Day30PET2,PETase,ASV001181,0.01,0.017670967,2,0.02,0.035341933
49,Day30PET2,PETase,ASV001672,0.01,0.017670967,2,0.02,0.035341933
50,Day30PET2,PETase,ASV002089,0.01,0.017670967,2,0.02,0.035341933
51,Day30PET2,PETase,ASV002319,0.01,0.017670967,2,0.02,0.035341933
52,Day30PET2,PETase,ASV002594,0.01,0.017670967,2,0.02,0.035341933
53,Day30PET2,PETase,ASV002737,0.01,0.017670967,2,0.02,0.035341933
54,Day30PET2,PETase,ASV002886,0.01,0.017670967,2,0.02,0.035341933
55,Day30PET2,PETase,ASV002887,0.01,0.017670967,2,0.02,0.035341933
56,Day30PET2,PETase,ASV003071,0.01,0.017670967,2,0.02,0.035341933
58,Day30PET2,PETase,ASV009377,0.01,0.017670967,2,0.02,0.035341933
59,Day30PET2,PETase,ASV009381,0.01,0.017670967,2,0.02,0.035341933
60,Day30PET2,PETase,ASV014246,0.01,0.017670967,2,0.02,0.035341933
44,Day30PET2,PETase,ASV000610,0.01,0.017670967,1,0.01,0.017670967
61,Day30PET3,PETase,ASV000020,6.28,12.04911742,2,12.56,24.09823484
62,Day30PET3,PETase,ASV000043,1.47,2.820414428,2,2.94,5.640828856
63,Day30PET3,PETase,ASV000098,0.58,1.112816577,2,1.16,2.225633154
64,Day30PET3,PETase,ASV000126,0.2,0.383729854,2,0.4,0.767459708
65,Day30PET3,PETase,ASV000621,0.04,0.076745971,2,0.08,0.153491942
68,Day30PET3,PETase,ASV009408,0.04,0.076745971,2,0.08,0.153491942
66,Day30PET3,PETase,ASV001853,0.02,0.038372985,2,0.04,0.076745971
67,Day30PET3,PETase,ASV003071,0.02,0.038372985,2,0.04,0.076745971
69,Day30PET3,PETase,ASV014290,0.02,0.038372985,2,0.04,0.076745971
70,Day30PET3,PETase,ASV014297,0.02,0.038372985,2,0.04,0.076745971
71,Day30PET3,PETase,ASV014303,0.02,0.038372985,2,0.04,0.076745971
72,Day30PET3,PETase,ASV014304,0.02,0.038372985,2,0.04,0.076745971
73,Day30WeatherPET1,PETase,ASV000020,6.18,12.25218081,2,12.36,24.50436162
74,Day30WeatherPET1,PETase,ASV000043,2.3,4.559873117,2,4.6,9.119746233
75,Day30WeatherPET1,PETase,ASV000098,0.63,1.249008723,2,1.26,2.498017446
76,Day30WeatherPET1,PETase,ASV000126,0.4,0.793021412,2,0.8,1.586042823
78,Day30WeatherPET1,PETase,ASV000859,0.06,0.118953212,2,0.12,0.237906423
82,Day30WeatherPET1,PETase,ASV002886,0.05,0.099127676,2,0.1,0.198255353
84,Day30WeatherPET1,PETase,ASV005194,0.03,0.059476606,2,0.06,0.118953212
77,Day30WeatherPET1,PETase,ASV000486,0.02,0.039651071,2,0.04,0.079302141
79,Day30WeatherPET1,PETase,ASV001854,0.02,0.039651071,2,0.04,0.079302141
83,Day30WeatherPET1,PETase,ASV005178,0.02,0.039651071,2,0.04,0.079302141
85,Day30WeatherPET1,PETase,ASV005761,0.02,0.039651071,2,0.04,0.079302141
86,Day30WeatherPET1,PETase,ASV009426,0.02,0.039651071,2,0.04,0.079302141
87,Day30WeatherPET1,PETase,ASV009448,0.02,0.039651071,2,0.04,0.079302141
80,Day30WeatherPET1,PETase,ASV002319,0.01,0.019825535,2,0.02,0.039651071
81,Day30WeatherPET1,PETase,ASV002442,0.01,0.019825535,2,0.02,0.039651071
88,Day30WeatherPET1,PETase,ASV014331,0.01,0.019825535,2,0.02,0.039651071
89,Day30WeatherPET1,PETase,ASV014338,0.01,0.019825535,2,0.02,0.039651071
90,Day30WeatherPET2,PETase,ASV000020,6.2,12.64531919,2,12.4,25.29063838
91,Day30WeatherPET2,PETase,ASV000043,2.49,5.078523353,2,4.98,10.15704671
92,Day30WeatherPET2,PETase,ASV000098,0.56,1.142157863,2,1.12,2.284315725
94,Day30WeatherPET2,PETase,ASV000272,0.48,0.978992454,2,0.96,1.957984907
93,Day30WeatherPET2,PETase,ASV000126,0.43,0.877014073,2,0.86,1.754028146
97,Day30WeatherPET2,PETase,ASV000621,0.04,0.081582704,2,0.08,0.163165409
99,Day30WeatherPET2,PETase,ASV001672,0.02,0.040791352,2,0.04,0.081582704
101,Day30WeatherPET2,PETase,ASV001854,0.02,0.040791352,2,0.04,0.081582704
104,Day30WeatherPET2,PETase,ASV002442,0.02,0.040791352,2,0.04,0.081582704
108,Day30WeatherPET2,PETase,ASV002893,0.02,0.040791352,2,0.04,0.081582704
112,Day30WeatherPET2,PETase,ASV005769,0.02,0.040791352,2,0.04,0.081582704
113,Day30WeatherPET2,PETase,ASV006801,0.02,0.040791352,2,0.04,0.081582704
95,Day30WeatherPET2,PETase,ASV000486,0.01,0.020395676,2,0.02,0.040791352
98,Day30WeatherPET2,PETase,ASV001181,0.01,0.020395676,2,0.02,0.040791352
100,Day30WeatherPET2,PETase,ASV001853,0.01,0.020395676,2,0.02,0.040791352
102,Day30WeatherPET2,PETase,ASV002089,0.01,0.020395676,2,0.02,0.040791352
103,Day30WeatherPET2,PETase,ASV002319,0.01,0.020395676,2,0.02,0.040791352
106,Day30WeatherPET2,PETase,ASV002594,0.01,0.020395676,2,0.02,0.040791352
107,Day30WeatherPET2,PETase,ASV002887,0.01,0.020395676,2,0.02,0.040791352
109,Day30WeatherPET2,PETase,ASV003774,0.01,0.020395676,2,0.02,0.040791352
110,Day30WeatherPET2,PETase,ASV004344,0.01,0.020395676,2,0.02,0.040791352
111,Day30WeatherPET2,PETase,ASV004730,0.01,0.020395676,2,0.02,0.040791352
114,Day30WeatherPET2,PETase,ASV009483,0.01,0.020395676,2,0.02,0.040791352
115,Day30WeatherPET2,PETase,ASV014361,0.01,0.020395676,2,0.02,0.040791352
96,Day30WeatherPET2,PETase,ASV000610,0.01,0.020395676,1,0.01,0.020395676
105,Day30WeatherPET2,PETase,ASV002444,0.01,0.020395676,1,0.01,0.020395676
116,Day30WeatherPET3,PETase,ASV000020,7.99,15.0811627,2,15.98,30.16232541
117,Day30WeatherPET3,PETase,ASV000043,2.93,5.530388826,2,5.86,11.06077765
118,Day30WeatherPET3,PETase,ASV000098,0.83,1.566628917,2,1.66,3.133257833
119,Day30WeatherPET3,PETase,ASV000126,0.24,0.453001133,2,0.48,0.906002265
120,Day30WeatherPET3,PETase,ASV000486,0.04,0.075500189,2,0.08,0.151000378
121,Day30WeatherPET3,PETase,ASV000621,0.04,0.075500189,2,0.08,0.151000378
123,Day30WeatherPET3,PETase,ASV001422,0.04,0.075500189,2,0.08,0.151000378
124,Day30WeatherPET3,PETase,ASV001853,0.02,0.037750094,2,0.04,0.075500189
122,Day30WeatherPET3,PETase,ASV001181,0.01,0.018875047,2,0.02,0.037750094
125,Day30WeatherPET3,PETase,ASV002319,0.01,0.018875047,2,0.02,0.037750094
126,Day30WeatherPET3,PETase,ASV002737,0.01,0.018875047,2,0.02,0.037750094
127,Day30WeatherPET3,PETase,ASV002886,0.01,0.018875047,2,0.02,0.037750094
128,Day30WeatherPET3,PETase,ASV004738,0.01,0.018875047,2,0.02,0.037750094
129,Day30WeatherPET3,PETase,ASV006826,0.01,0.018875047,2,0.02,0.037750094
130,Day30WeatherPET3,PETase,ASV009555,0.01,0.018875047,2,0.02,0.037750094
246,Day42BHET1,PETase,ASV000020,0.01,0.022920009,2,0.02,0.045840018
247,Day42BHET1,PETase,ASV000486,0.01,0.022920009,2,0.02,0.045840018
248,Day42BHET1,PETase,ASV010100,0.01,0.022920009,2,0.02,0.045840018
249,Day42BHET1,PETase,ASV014860,0.01,0.022920009,1,0.01,0.022920009
251,Day42BHET2,PETase,ASV000043,0.03,0.071770335,2,0.06,0.14354067
250,Day42BHET2,PETase,ASV000020,0.01,0.023923445,2,0.02,0.04784689
252,Day42BHET2,PETase,ASV000486,0.01,0.023923445,2,0.02,0.04784689
254,Day42BHET2,PETase,ASV000859,0.01,0.023923445,2,0.02,0.04784689
253,Day42BHET2,PETase,ASV000610,0.01,0.023923445,1,0.01,0.023923445
255,Day42BHET3,PETase,ASV000020,0.02,0.042247571,2,0.04,0.084495142
256,Day42BHET3,PETase,ASV000859,0.02,0.042247571,2,0.04,0.084495142
161,Day42LowCrys1,PETase,ASV000486,0.02,0.034500604,2,0.04,0.069001208
160,Day42LowCrys1,PETase,ASV000043,0.01,0.017250302,2,0.02,0.034500604
163,Day42LowCrys3,PETase,ASV000486,0.02,0.028042625,2,0.04,0.05608525
162,Day42LowCrys3,PETase,ASV000043,0.01,0.014021312,2,0.02,0.028042625
164,Day42LowCrys3,PETase,ASV001181,0.01,0.014021312,2,0.02,0.028042625
154,Day42LowCrysWater2,PETase,ASV000020,0.01,0.018789929,2,0.02,0.037579857
155,Day42LowCrysWater2,PETase,ASV000486,0.01,0.018789929,2,0.02,0.037579857
156,Day42LowCrysWater3,PETase,ASV000043,0.02,0.040858018,2,0.04,0.081716037
157,Day42LowCrysWater3,PETase,ASV000486,0.02,0.040858018,2,0.04,0.081716037
158,Day42LowCrysWater3,PETase,ASV001181,0.02,0.040858018,2,0.04,0.081716037
159,Day42LowCrysWater3,PETase,ASV002737,0.01,0.020429009,2,0.02,0.040858018
142,Day42NoC1,PETase,ASV000020,0.02,0.035492458,2,0.04,0.070984916
143,Day42NoC1,PETase,ASV000486,0.02,0.035492458,2,0.04,0.070984916
144,Day42NoC1,PETase,ASV000610,0.01,0.017746229,1,0.01,0.017746229
145,Day42NoC2,PETase,ASV000020,0.02,0.039184953,2,0.04,0.078369906
146,Day42NoC2,PETase,ASV000043,0.02,0.039184953,2,0.04,0.078369906
147,Day42NoC2,PETase,ASV000126,0.02,0.039184953,2,0.04,0.078369906
148,Day42NoC2,PETase,ASV000486,0.01,0.019592476,2,0.02,0.039184953
150,Day42NoC3,PETase,ASV000486,0.02,0.033715442,2,0.04,0.067430883
149,Day42NoC3,PETase,ASV000098,0.01,0.016857721,2,0.02,0.033715442
152,Day42NoC3,PETase,ASV001181,0.01,0.016857721,2,0.02,0.033715442
151,Day42NoC3,PETase,ASV000610,0.01,0.016857721,1,0.01,0.016857721
153,Day42NoC3,PETase,ASV002444,0.01,0.016857721,1,0.01,0.016857721
165,Day42PET2,PETase,ASV000020,12.47,22.32366631,2,24.94,44.64733262
166,Day42PET2,PETase,ASV000043,3.43,6.140350877,2,6.86,12.28070175
167,Day42PET2,PETase,ASV000098,1.06,1.897601146,2,2.12,3.795202291
168,Day42PET2,PETase,ASV000126,0.4,0.716075904,2,0.8,1.432151808
171,Day42PET2,PETase,ASV001854,0.05,0.089509488,2,0.1,0.179018976
169,Day42PET2,PETase,ASV000621,0.04,0.07160759,2,0.08,0.143215181
172,Day42PET2,PETase,ASV002319,0.04,0.07160759,2,0.08,0.143215181
177,Day42PET2,PETase,ASV005761,0.03,0.053705693,2,0.06,0.107411386
178,Day42PET2,PETase,ASV005789,0.03,0.053705693,2,0.06,0.107411386
179,Day42PET2,PETase,ASV009940,0.03,0.053705693,2,0.06,0.107411386
180,Day42PET2,PETase,ASV009947,0.03,0.053705693,2,0.06,0.107411386
181,Day42PET2,PETase,ASV009960,0.03,0.053705693,2,0.06,0.107411386
182,Day42PET2,PETase,ASV009965,0.03,0.053705693,2,0.06,0.107411386
170,Day42PET2,PETase,ASV001422,0.01,0.017901898,2,0.02,0.035803795
173,Day42PET2,PETase,ASV002442,0.01,0.017901898,2,0.02,0.035803795
174,Day42PET2,PETase,ASV002886,0.01,0.017901898,2,0.02,0.035803795
175,Day42PET2,PETase,ASV005194,0.01,0.017901898,2,0.02,0.035803795
176,Day42PET2,PETase,ASV005294,0.01,0.017901898,2,0.02,0.035803795
183,Day42PET2,PETase,ASV014756,0.01,0.017901898,2,0.02,0.035803795
184,Day42PET3,PETase,ASV000020,1.84,2.896725441,2,3.68,5.793450882
185,Day42PET3,PETase,ASV000043,0.32,0.503778338,2,0.64,1.007556675
186,Day42PET3,PETase,ASV000098,0.07,0.110201511,2,0.14,0.220403023
187,Day42PET3,PETase,ASV000126,0.02,0.031486146,2,0.04,0.062972292
190,Day42PET3,PETase,ASV009972,0.02,0.031486146,2,0.04,0.062972292
188,Day42PET3,PETase,ASV000610,0.02,0.031486146,1,0.02,0.031486146
189,Day42PET3,PETase,ASV000621,0.01,0.015743073,2,0.02,0.031486146
191,Day42WeatherPET1,PETase,ASV000020,6.48,12.70588235,2,12.96,25.41176471
192,Day42WeatherPET1,PETase,ASV000043,2.91,5.705882353,2,5.82,11.41176471
193,Day42WeatherPET1,PETase,ASV000098,0.76,1.490196078,2,1.52,2.980392157
194,Day42WeatherPET1,PETase,ASV000126,0.4,0.784313725,2,0.8,1.568627451
195,Day42WeatherPET1,PETase,ASV000486,0.03,0.058823529,2,0.06,0.117647059
196,Day42WeatherPET1,PETase,ASV000621,0.02,0.039215686,2,0.04,0.078431373
197,Day42WeatherPET1,PETase,ASV000859,0.01,0.019607843,2,0.02,0.039215686
198,Day42WeatherPET1,PETase,ASV001672,0.01,0.019607843,2,0.02,0.039215686
199,Day42WeatherPET1,PETase,ASV002319,0.01,0.019607843,2,0.02,0.039215686
200,Day42WeatherPET1,PETase,ASV002594,0.01,0.019607843,2,0.02,0.039215686
201,Day42WeatherPET1,PETase,ASV003511,0.01,0.019607843,2,0.02,0.039215686
202,Day42WeatherPET1,PETase,ASV004344,0.01,0.019607843,2,0.02,0.039215686
203,Day42WeatherPET1,PETase,ASV005178,0.01,0.019607843,2,0.02,0.039215686
204,Day42WeatherPET1,PETase,ASV009988,0.01,0.019607843,2,0.02,0.039215686
205,Day42WeatherPET1,PETase,ASV009994,0.01,0.019607843,2,0.02,0.039215686
206,Day42WeatherPET1,PETase,ASV010004,0.01,0.019607843,2,0.02,0.039215686
207,Day42WeatherPET2,PETase,ASV000020,8.78,17.98074954,2,17.56,35.96149908
208,Day42WeatherPET2,PETase,ASV000043,4.15,8.498873643,2,8.3,16.99774729
211,Day42WeatherPET2,PETase,ASV000272,0.86,1.761212369,2,1.72,3.522424739
209,Day42WeatherPET2,PETase,ASV000098,0.79,1.617857874,2,1.58,3.235715749
210,Day42WeatherPET2,PETase,ASV000126,0.44,0.901085398,2,0.88,1.802170797
212,Day42WeatherPET2,PETase,ASV000486,0.03,0.061437641,2,0.06,0.122875282
221,Day42WeatherPET2,PETase,ASV002594,0.03,0.061437641,2,0.06,0.122875282
215,Day42WeatherPET2,PETase,ASV001422,0.02,0.040958427,2,0.04,0.081916854
219,Day42WeatherPET2,PETase,ASV002442,0.02,0.040958427,2,0.04,0.081916854
213,Day42WeatherPET2,PETase,ASV000621,0.01,0.020479214,2,0.02,0.040958427
214,Day42WeatherPET2,PETase,ASV000859,0.01,0.020479214,2,0.02,0.040958427
216,Day42WeatherPET2,PETase,ASV001672,0.01,0.020479214,2,0.02,0.040958427
217,Day42WeatherPET2,PETase,ASV001853,0.01,0.020479214,2,0.02,0.040958427
218,Day42WeatherPET2,PETase,ASV001854,0.01,0.020479214,2,0.02,0.040958427
222,Day42WeatherPET2,PETase,ASV002737,0.01,0.020479214,2,0.02,0.040958427
223,Day42WeatherPET2,PETase,ASV002893,0.01,0.020479214,2,0.02,0.040958427
224,Day42WeatherPET2,PETase,ASV004730,0.01,0.020479214,2,0.02,0.040958427
225,Day42WeatherPET2,PETase,ASV005304,0.01,0.020479214,2,0.02,0.040958427
226,Day42WeatherPET2,PETase,ASV014805,0.01,0.020479214,2,0.02,0.040958427
227,Day42WeatherPET2,PETase,ASV014823,0.01,0.020479214,2,0.02,0.040958427
220,Day42WeatherPET2,PETase,ASV002444,0.01,0.020479214,1,0.01,0.020479214
228,Day42WeatherPET3,PETase,ASV000020,7.01,14.62549551,2,14.02,29.25099103
229,Day42WeatherPET3,PETase,ASV000043,3.63,7.573544753,2,7.26,15.14708951
230,Day42WeatherPET3,PETase,ASV000098,1.01,2.107239725,2,2.02,4.214479449
231,Day42WeatherPET3,PETase,ASV000126,0.46,0.959732944,2,0.92,1.919465888
237,Day42WeatherPET3,PETase,ASV001854,0.03,0.062591279,2,0.06,0.125182558
240,Day42WeatherPET3,PETase,ASV003071,0.03,0.062591279,2,0.06,0.125182558
242,Day42WeatherPET3,PETase,ASV005905,0.03,0.062591279,2,0.06,0.125182558
235,Day42WeatherPET3,PETase,ASV001672,0.02,0.041727519,2,0.04,0.083455039
236,Day42WeatherPET3,PETase,ASV001853,0.02,0.041727519,2,0.04,0.083455039
243,Day42WeatherPET3,PETase,ASV007101,0.02,0.041727519,2,0.04,0.083455039
232,Day42WeatherPET3,PETase,ASV000621,0.01,0.02086376,2,0.02,0.041727519
233,Day42WeatherPET3,PETase,ASV000859,0.01,0.02086376,2,0.02,0.041727519
234,Day42WeatherPET3,PETase,ASV001422,0.01,0.02086376,2,0.02,0.041727519
238,Day42WeatherPET3,PETase,ASV002886,0.01,0.02086376,2,0.02,0.041727519
239,Day42WeatherPET3,PETase,ASV002893,0.01,0.02086376,2,0.02,0.041727519
241,Day42WeatherPET3,PETase,ASV004730,0.01,0.02086376,2,0.02,0.041727519
244,Day42WeatherPET3,PETase,ASV010052,0.01,0.02086376,2,0.02,0.041727519
245,Day42WeatherPET3,PETase,ASV010061,0.01,0.02086376,2,0.02,0.041727519
263,Inoc2,PETase,ASV000610,0.06,0.116459627,1,0.06,0.116459627
266,Inoc2,PETase,ASV003151,0.02,0.038819876,1,0.02,0.038819876
264,Inoc2,PETase,ASV001694,0.01,0.019409938,1,0.01,0.019409938
265,Inoc2,PETase,ASV002444,0.01,0.019409938,1,0.01,0.019409938
267,Inoc2,PETase,ASV004106,0.01,0.019409938,1,0.01,0.019409938
289,Inoc3,PETase,ASV000610,0.08,0.154083205,1,0.08,0.154083205
287,Inoc3,PETase,ASV000020,0.02,0.038520801,2,0.04,0.077041602
288,Inoc3,PETase,ASV000098,0.02,0.038520801,2,0.04,0.077041602
290,Inoc3,PETase,ASV002444,0.04,0.077041602,1,0.04,0.077041602
291,Inoc3,PETase,ASV003151,0.02,0.038520801,1,0.02,0.038520801
311,Inoc4,PETase,ASV000043,0.05,0.090744102,2,0.1,0.181488203
312,Inoc4,PETase,ASV000610,0.08,0.145190563,1,0.08,0.145190563
313,Inoc4,PETase,ASV004030,0.02,0.036297641,1,0.02,0.036297641