Software Version,3.00.19,,,,,,,,,,,,,,,,,,,,,,,,,,,,,,,,,,,,,,,,,,,,,,,,,,,,,,,,,,,,,,,,,,,,,,,,,,,,,,,,,,,,,,,,,,,,,,,,,
,,,,,,,,,,,,,,,,,,,,,,,,,,,,,,,,,,,,,,,,,,,,,,,,,,,,,,,,,,,,,,,,,,,,,,,,,,,,,,,,,,,,,,,,,,,,,,,,,,
Experiment File Path:,C:\Users\Public\Documents\Experiments\RW\BHET_isolates\substrate_tests_3day_.xpt,,,,,,,,,,,,,,,,,,,,,,,,,,,,,,,,,,,,,,,,,,,,,,,,,,,,,,,,,,,,,,,,,,,,,,,,,,,,,,,,,,,,,,,,,,,,,,,,,
Protocol File Path:,C:\Users\Public\Documents\Protocols\OD600_3day.prt,,,,,,,,,,,,,,,,,,,,,,,,,,,,,,,,,,,,,,,,,,,,,,,,,,,,,,,,,,,,,,,,,,,,,,,,,,,,,,,,,,,,,,,,,,,,,,,,,
Plate Number,Plate 1,,,,,,,,,,,,,,,,,,,,,,,,,,,,,,,,,,,,,,,,,,,,,,,,,,,,,,,,,,,,,,,,,,,,,,,,,,,,,,,,,,,,,,,,,,,,,,,,,
Date,13/07/2018,,,,,,,,,,,,,,,,,,,,,,,,,,,,,,,,,,,,,,,,,,,,,,,,,,,,,,,,,,,,,,,,,,,,,,,,,,,,,,,,,,,,,,,,,,,,,,,,,
Time,18:02:56,,,,,,,,,,,,,,,,,,,,,,,,,,,,,,,,,,,,,,,,,,,,,,,,,,,,,,,,,,,,,,,,,,,,,,,,,,,,,,,,,,,,,,,,,,,,,,,,,
Reader Type:,Synergy HTX,,,,,,,,,,,,,,,,,,,,,,,,,,,,,,,,,,,,,,,,,,,,,,,,,,,,,,,,,,,,,,,,,,,,,,,,,,,,,,,,,,,,,,,,,,,,,,,,,
Reader Serial Number:,Unknown,,,,,,,,,,,,,,,,,,,,,,,,,,,,,,,,,,,,,,,,,,,,,,,,,,,,,,,,,,,,,,,,,,,,,,,,,,,,,,,,,,,,,,,,,,,,,,,,,
Reading Type,Reader,,,,,,,,,,,,,,,,,,,,,,,,,,,,,,,,,,,,,,,,,,,,,,,,,,,,,,,,,,,,,,,,,,,,,,,,,,,,,,,,,,,,,,,,,,,,,,,,,
,,,,,,,,,,,,,,,,,,,,,,,,,,,,,,,,,,,,,,,,,,,,,,,,,,,,,,,,,,,,,,,,,,,,,,,,,,,,,,,,,,,,,,,,,,,,,,,,,,
Procedure Details,,,,,,,,,,,,,,,,,,,,,,,,,,,,,,,,,,,,,,,,,,,,,,,,,,,,,,,,,,,,,,,,,,,,,,,,,,,,,,,,,,,,,,,,,,,,,,,,,,
Plate Type,96 WELL PLATE (Use plate lid),,,,,,,,,,,,,,,,,,,,,,,,,,,,,,,,,,,,,,,,,,,,,,,,,,,,,,,,,,,,,,,,,,,,,,,,,,,,,,,,,,,,,,,,,,,,,,,,,
Eject plate on completion,,,,,,,,,,,,,,,,,,,,,,,,,,,,,,,,,,,,,,,,,,,,,,,,,,,,,,,,,,,,,,,,,,,,,,,,,,,,,,,,,,,,,,,,,,,,,,,,,,
Set Temperature,"Setpoint 30C, Gradient 0 C",,,,,,,,,,,,,,,,,,,,,,,,,,,,,,,,,,,,,,,,,,,,,,,,,,,,,,,,,,,,,,,,,,,,,,,,,,,,,,,,,,,,,,,,,,,,,,,,,
,Preheat before moving to next step,,,,,,,,,,,,,,,,,,,,,,,,,,,,,,,,,,,,,,,,,,,,,,,,,,,,,,,,,,,,,,,,,,,,,,,,,,,,,,,,,,,,,,,,,,,,,,,,,
Start Kinetic,"Runtime 72:00:00 (HH:MM:SS), Interval 0:30:00, 145 Reads",,,,,,,,,,,,,,,,,,,,,,,,,,,,,,,,,,,,,,,,,,,,,,,,,,,,,,,,,,,,,,,,,,,,,,,,,,,,,,,,,,,,,,,,,,,,,,,,,
    Read,Absorbance Endpoint,,,,,,,,,,,,,,,,,,,,,,,,,,,,,,,,,,,,,,,,,,,,,,,,,,,,,,,,,,,,,,,,,,,,,,,,,,,,,,,,,,,,,,,,,,,,,,,,,
,Full Plate,,,,,,,,,,,,,,,,,,,,,,,,,,,,,,,,,,,,,,,,,,,,,,,,,,,,,,,,,,,,,,,,,,,,,,,,,,,,,,,,,,,,,,,,,,,,,,,,,
,Wavelengths:  600,,,,,,,,,,,,,,,,,,,,,,,,,,,,,,,,,,,,,,,,,,,,,,,,,,,,,,,,,,,,,,,,,,,,,,,,,,,,,,,,,,,,,,,,,,,,,,,,,
,"Read Speed: Normal,  Delay: 100 msec,  Measurements/Data Point: 8",,,,,,,,,,,,,,,,,,,,,,,,,,,,,,,,,,,,,,,,,,,,,,,,,,,,,,,,,,,,,,,,,,,,,,,,,,,,,,,,,,,,,,,,,,,,,,,,,
End Kinetic,,,,,,,,,,,,,,,,,,,,,,,,,,,,,,,,,,,,,,,,,,,,,,,,,,,,,,,,,,,,,,,,,,,,,,,,,,,,,,,,,,,,,,,,,,,,,,,,,,
,,,,,,,,,,,,,,,,,,,,,,,,,,,,,,,,,,,,,,,,,,,,,,,,,,,,,,,,,,,,,,,,,,,,,,,,,,,,,,,,,,,,,,,,,,,,,,,,,,
600,,,,,,,,,,,,,,,,,,,,,,,,,,,,,,,,,,,,,,,,,,,,,,,,,,,,,,,,,,,,,,,,,,,,,,,,,,,,,,,,,,,,,,,,,,,,,,,,,,
,,,,,,,,,,,,,,,,,,,,,,,,,,,,,,,,,,,,,,,,,,,,,,,,,,,,,,,,,,,,,,,,,,,,,,,,,,,,,,,,,,,,,,,,,,,,,,,,,,
,Time,T 600,A1,A2,A3,A4,A5,A6,A7,A8,A9,A10,A11,A12,B1,B2,B3,B4,B5,B6,B7,B8,B9,B10,B11,B12,C1,C2,C3,C4,C5,C6,C7,C8,C9,C10,C11,C12,D1,D2,D3,D4,D5,D6,D7,D8,D9,D10,D11,D12,E1,E2,E3,E4,E5,E6,E7,E8,E9,E10,E11,E12,F1,F2,F3,F4,F5,F6,F7,F8,F9,F10,F11,F12,G1,G2,G3,G4,G5,G6,G7,G8,G9,G10,G11,G12,H1,H2,H3,H4,H5,H6,H7,H8,H9,H10,H11,H12
,00:00:00,25.2,0.14,0.129,0.124,0.122,0.132,0.128,0.118,0.118,0.12,0.15,0.131,0.105,0.127,0.161,0.124,0.155,0.146,0.156,0.166,0.17,0.131,0.147,0.122,0.112,0.194,0.225,0.212,0.195,0.18,0.192,0.183,0.179,0.198,0.163,0.143,0.14,0.153,0.157,0.184,0.155,0.191,0.169,0.168,0.18,0.188,0.124,0.125,0.157,0.126,0.16,0.134,0.19,0.213,0.251,0.139,0.135,0.104,0.091,0.094,0.093,0.093,0.107,0.094,0.102,0.109,0.113,0.116,0.108,0.105,0.098,0.098,0.086,0.095,0.107,0.111,0.115,0.112,0.119,0.197,0.18,0.179,0.1,0.1,0.088,0.088,0.097,0.086,0.085,0.092,0.116,0.114,0.09,0.086,0.086,0.087,0.086
,00:30:00,30,0.127,0.119,0.117,0.124,0.124,0.121,0.122,0.117,0.122,0.125,0.12,0.117,0.124,0.127,0.126,0.137,0.129,0.127,0.119,0.123,0.119,0.121,0.12,0.124,0.216,0.214,0.207,0.149,0.147,0.154,0.13,0.136,0.139,0.142,0.142,0.132,0.128,0.137,0.14,0.142,0.143,0.129,0.136,0.14,0.15,0.122,0.16,0.127,0.126,0.131,0.139,0.22,0.216,0.224,0.094,0.092,0.094,0.091,0.094,0.091,0.092,0.093,0.094,0.091,0.091,0.092,0.093,0.091,0.092,0.092,0.093,0.092,0.093,0.092,0.091,0.097,0.096,0.096,0.17,0.171,0.179,0.088,0.087,0.088,0.088,0.086,0.086,0.085,0.085,0.085,0.091,0.089,0.086,0.086,0.086,0.086
,01:00:00,30,0.129,0.122,0.13,0.132,0.126,0.124,0.128,0.125,0.127,0.127,0.128,0.121,0.131,0.135,0.137,0.14,0.134,0.131,0.126,0.123,0.12,0.131,0.128,0.14,0.206,0.227,0.218,0.15,0.151,0.154,0.132,0.14,0.141,0.135,0.146,0.13,0.131,0.147,0.146,0.147,0.148,0.138,0.137,0.145,0.155,0.13,0.147,0.132,0.146,0.138,0.14,0.236,0.226,0.237,0.093,0.093,0.094,0.093,0.096,0.092,0.092,0.092,0.096,0.092,0.093,0.094,0.093,0.092,0.092,0.094,0.094,0.092,0.094,0.093,0.095,0.102,0.1,0.1,0.169,0.172,0.181,0.087,0.087,0.088,0.088,0.085,0.086,0.085,0.084,0.085,0.091,0.088,0.086,0.086,0.086,0.086
,01:30:00,30,0.133,0.126,0.132,0.13,0.132,0.126,0.127,0.124,0.131,0.129,0.129,0.123,0.137,0.142,0.144,0.144,0.139,0.133,0.128,0.123,0.124,0.143,0.142,0.148,0.218,0.227,0.221,0.152,0.152,0.155,0.134,0.142,0.144,0.139,0.146,0.13,0.137,0.148,0.149,0.149,0.15,0.144,0.139,0.146,0.155,0.135,0.15,0.133,0.149,0.148,0.149,0.242,0.229,0.243,0.094,0.094,0.095,0.093,0.095,0.092,0.093,0.094,0.097,0.093,0.094,0.095,0.095,0.093,0.094,0.095,0.095,0.093,0.095,0.095,0.096,0.106,0.105,0.106,0.171,0.173,0.181,0.087,0.087,0.088,0.088,0.086,0.086,0.085,0.085,0.085,0.091,0.088,0.086,0.086,0.086,0.086
,02:00:00,30,0.134,0.126,0.134,0.131,0.137,0.126,0.13,0.129,0.132,0.133,0.133,0.127,0.142,0.149,0.154,0.147,0.141,0.14,0.132,0.131,0.128,0.153,0.15,0.155,0.212,0.228,0.222,0.152,0.153,0.157,0.14,0.145,0.147,0.143,0.146,0.13,0.139,0.15,0.149,0.15,0.152,0.147,0.143,0.148,0.158,0.141,0.151,0.133,0.157,0.152,0.154,0.244,0.229,0.244,0.096,0.096,0.097,0.095,0.096,0.093,0.095,0.098,0.102,0.095,0.096,0.096,0.099,0.096,0.098,0.097,0.097,0.093,0.095,0.098,0.097,0.11,0.109,0.108,0.17,0.173,0.18,0.088,0.087,0.088,0.088,0.085,0.086,0.085,0.085,0.084,0.091,0.088,0.086,0.086,0.086,0.086
,02:30:00,30,0.137,0.129,0.132,0.133,0.139,0.129,0.139,0.135,0.136,0.137,0.137,0.131,0.147,0.158,0.162,0.154,0.147,0.147,0.137,0.135,0.129,0.161,0.158,0.166,0.212,0.227,0.223,0.153,0.155,0.158,0.145,0.149,0.15,0.146,0.149,0.13,0.14,0.149,0.151,0.153,0.154,0.149,0.147,0.152,0.161,0.144,0.153,0.131,0.174,0.163,0.17,0.244,0.23,0.244,0.099,0.099,0.099,0.096,0.098,0.094,0.1,0.104,0.108,0.098,0.099,0.099,0.102,0.1,0.101,0.099,0.099,0.095,0.096,0.1,0.099,0.102,0.1,0.101,0.168,0.172,0.179,0.088,0.087,0.088,0.088,0.086,0.086,0.085,0.085,0.085,0.091,0.088,0.086,0.086,0.086,0.086
,03:00:00,30,0.138,0.132,0.131,0.135,0.141,0.129,0.144,0.14,0.143,0.141,0.141,0.135,0.152,0.166,0.167,0.163,0.152,0.154,0.139,0.135,0.132,0.167,0.165,0.172,0.211,0.226,0.223,0.154,0.156,0.159,0.147,0.153,0.154,0.147,0.15,0.133,0.142,0.149,0.154,0.155,0.156,0.151,0.15,0.155,0.164,0.146,0.153,0.131,0.198,0.176,0.183,0.243,0.23,0.244,0.099,0.1,0.1,0.097,0.098,0.095,0.106,0.108,0.111,0.098,0.1,0.099,0.105,0.103,0.103,0.1,0.099,0.097,0.097,0.099,0.099,0.137,0.143,0.133,0.167,0.171,0.179,0.087,0.087,0.088,0.088,0.086,0.086,0.085,0.085,0.085,0.091,0.088,0.086,0.086,0.086,0.086
,03:30:00,30,0.14,0.135,0.13,0.137,0.14,0.13,0.152,0.148,0.149,0.148,0.146,0.139,0.16,0.173,0.174,0.172,0.157,0.163,0.141,0.136,0.131,0.174,0.172,0.183,0.213,0.227,0.223,0.155,0.157,0.16,0.146,0.152,0.154,0.147,0.152,0.133,0.145,0.149,0.155,0.155,0.158,0.152,0.154,0.158,0.167,0.148,0.154,0.133,0.221,0.192,0.192,0.242,0.23,0.243,0.099,0.1,0.1,0.096,0.098,0.095,0.108,0.111,0.114,0.098,0.099,0.099,0.106,0.104,0.103,0.1,0.099,0.096,0.099,0.099,0.099,0.154,0.157,0.152,0.167,0.171,0.178,0.087,0.087,0.088,0.088,0.086,0.086,0.085,0.085,0.085,0.091,0.088,0.086,0.086,0.086,0.086
,04:00:00,30,0.137,0.135,0.129,0.137,0.141,0.131,0.16,0.157,0.156,0.155,0.149,0.146,0.167,0.177,0.183,0.18,0.162,0.171,0.142,0.136,0.133,0.182,0.18,0.191,0.213,0.226,0.223,0.155,0.157,0.16,0.149,0.155,0.156,0.148,0.153,0.134,0.143,0.155,0.156,0.158,0.159,0.155,0.154,0.159,0.168,0.148,0.155,0.132,0.236,0.204,0.207,0.241,0.23,0.243,0.098,0.099,0.099,0.097,0.098,0.096,0.113,0.114,0.116,0.097,0.098,0.098,0.107,0.105,0.105,0.099,0.098,0.096,0.098,0.099,0.098,0.176,0.169,0.169,0.168,0.171,0.177,0.087,0.087,0.088,0.088,0.086,0.086,0.085,0.085,0.085,0.091,0.088,0.086,0.086,0.086,0.086
,04:30:00,30,0.134,0.135,0.127,0.138,0.142,0.132,0.168,0.165,0.164,0.161,0.153,0.151,0.172,0.185,0.189,0.186,0.169,0.179,0.141,0.138,0.136,0.189,0.188,0.197,0.211,0.226,0.223,0.154,0.157,0.16,0.157,0.162,0.163,0.149,0.155,0.132,0.145,0.155,0.161,0.16,0.158,0.155,0.158,0.163,0.172,0.149,0.156,0.132,0.249,0.222,0.234,0.241,0.23,0.243,0.099,0.1,0.1,0.097,0.099,0.096,0.116,0.122,0.124,0.097,0.099,0.098,0.107,0.106,0.105,0.098,0.098,0.096,0.099,0.098,0.098,0.172,0.187,0.189,0.168,0.171,0.177,0.087,0.087,0.088,0.088,0.085,0.086,0.085,0.085,0.085,0.091,0.088,0.086,0.086,0.086,0.086
,05:00:00,30,0.134,0.134,0.125,0.139,0.142,0.132,0.179,0.175,0.17,0.168,0.158,0.156,0.179,0.193,0.197,0.19,0.175,0.184,0.142,0.141,0.136,0.194,0.192,0.204,0.211,0.226,0.223,0.154,0.157,0.16,0.161,0.164,0.165,0.15,0.155,0.131,0.147,0.155,0.165,0.162,0.161,0.157,0.161,0.166,0.174,0.15,0.156,0.132,0.259,0.245,0.246,0.24,0.23,0.243,0.1,0.101,0.101,0.097,0.1,0.096,0.12,0.125,0.126,0.097,0.099,0.099,0.109,0.107,0.107,0.099,0.098,0.096,0.098,0.098,0.099,0.17,0.158,0.177,0.167,0.171,0.177,0.087,0.087,0.088,0.088,0.085,0.086,0.085,0.084,0.084,0.091,0.088,0.086,0.086,0.086,0.086
,05:30:00,30,0.136,0.133,0.125,0.14,0.142,0.131,0.181,0.181,0.177,0.174,0.163,0.164,0.186,0.198,0.203,0.195,0.181,0.189,0.145,0.143,0.134,0.198,0.198,0.209,0.21,0.225,0.223,0.153,0.157,0.16,0.161,0.165,0.166,0.151,0.155,0.131,0.151,0.155,0.163,0.164,0.163,0.159,0.162,0.167,0.175,0.151,0.156,0.13,0.268,0.249,0.233,0.239,0.229,0.242,0.1,0.101,0.102,0.098,0.099,0.096,0.122,0.119,0.122,0.098,0.099,0.099,0.109,0.107,0.108,0.099,0.099,0.096,0.099,0.098,0.099,0.18,0.174,0.176,0.168,0.172,0.177,0.087,0.086,0.088,0.088,0.085,0.086,0.085,0.085,0.085,0.091,0.088,0.086,0.086,0.086,0.086
,06:00:00,30,0.133,0.13,0.123,0.139,0.144,0.131,0.184,0.184,0.183,0.18,0.169,0.171,0.191,0.204,0.209,0.199,0.186,0.192,0.15,0.151,0.134,0.205,0.205,0.216,0.211,0.225,0.224,0.153,0.158,0.16,0.164,0.169,0.169,0.152,0.156,0.13,0.153,0.157,0.161,0.166,0.165,0.161,0.166,0.171,0.179,0.152,0.156,0.131,0.28,0.244,0.243,0.239,0.229,0.242,0.1,0.101,0.102,0.099,0.1,0.096,0.127,0.124,0.123,0.097,0.099,0.099,0.109,0.107,0.107,0.099,0.099,0.097,0.099,0.098,0.099,0.186,0.184,0.196,0.168,0.171,0.177,0.088,0.086,0.088,0.088,0.086,0.086,0.085,0.085,0.084,0.091,0.088,0.086,0.086,0.086,0.086
,06:30:00,30,0.132,0.129,0.124,0.139,0.144,0.131,0.189,0.19,0.188,0.188,0.176,0.178,0.196,0.206,0.216,0.203,0.19,0.196,0.155,0.155,0.135,0.215,0.21,0.221,0.211,0.225,0.224,0.153,0.158,0.159,0.169,0.173,0.172,0.153,0.156,0.131,0.157,0.161,0.163,0.167,0.167,0.163,0.17,0.175,0.182,0.152,0.156,0.13,0.29,0.255,0.253,0.238,0.229,0.242,0.1,0.101,0.102,0.099,0.1,0.096,0.131,0.129,0.13,0.097,0.099,0.099,0.109,0.107,0.107,0.099,0.099,0.097,0.099,0.098,0.099,0.238,0.233,0.227,0.168,0.171,0.177,0.087,0.086,0.088,0.088,0.085,0.086,0.084,0.085,0.085,0.091,0.088,0.086,0.086,0.086,0.086
,07:00:00,30,0.131,0.126,0.122,0.14,0.144,0.132,0.191,0.194,0.192,0.193,0.182,0.184,0.202,0.22,0.223,0.207,0.195,0.197,0.158,0.16,0.139,0.223,0.216,0.226,0.211,0.226,0.224,0.153,0.158,0.16,0.171,0.177,0.172,0.154,0.157,0.131,0.16,0.165,0.165,0.169,0.169,0.165,0.172,0.177,0.185,0.151,0.157,0.132,0.294,0.265,0.259,0.238,0.229,0.242,0.101,0.101,0.102,0.1,0.099,0.096,0.15,0.13,0.134,0.097,0.099,0.099,0.11,0.108,0.108,0.1,0.099,0.097,0.099,0.098,0.099,0.249,0.249,0.244,0.168,0.171,0.177,0.087,0.086,0.088,0.088,0.085,0.086,0.085,0.085,0.085,0.091,0.088,0.086,0.086,0.086,0.086
,07:30:00,30,0.13,0.125,0.123,0.141,0.145,0.132,0.198,0.2,0.2,0.201,0.192,0.192,0.209,0.223,0.229,0.211,0.198,0.2,0.163,0.161,0.151,0.225,0.219,0.229,0.211,0.226,0.224,0.153,0.159,0.159,0.173,0.179,0.172,0.155,0.158,0.131,0.16,0.167,0.168,0.171,0.171,0.168,0.175,0.18,0.187,0.152,0.158,0.13,0.31,0.271,0.269,0.238,0.228,0.242,0.101,0.101,0.102,0.1,0.099,0.097,0.138,0.133,0.137,0.098,0.099,0.099,0.111,0.108,0.109,0.1,0.099,0.097,0.099,0.098,0.1,0.256,0.257,0.254,0.168,0.171,0.177,0.087,0.087,0.088,0.088,0.086,0.086,0.085,0.084,0.085,0.091,0.088,0.086,0.086,0.086,0.086
,08:00:00,30,0.129,0.124,0.122,0.142,0.145,0.133,0.203,0.204,0.202,0.207,0.202,0.201,0.217,0.222,0.234,0.212,0.203,0.203,0.167,0.163,0.16,0.23,0.224,0.232,0.212,0.227,0.224,0.152,0.159,0.159,0.176,0.181,0.171,0.155,0.158,0.13,0.167,0.168,0.169,0.172,0.172,0.169,0.176,0.181,0.187,0.151,0.158,0.131,0.317,0.278,0.275,0.237,0.228,0.241,0.101,0.101,0.102,0.1,0.099,0.097,0.154,0.144,0.147,0.098,0.099,0.099,0.111,0.109,0.11,0.1,0.1,0.097,0.099,0.098,0.1,0.262,0.266,0.263,0.168,0.171,0.177,0.087,0.087,0.088,0.088,0.086,0.086,0.085,0.085,0.085,0.091,0.088,0.086,0.086,0.086,0.086
,08:30:00,30,0.128,0.123,0.12,0.142,0.147,0.134,0.208,0.207,0.208,0.213,0.208,0.21,0.221,0.22,0.239,0.214,0.207,0.208,0.172,0.165,0.167,0.237,0.229,0.236,0.212,0.228,0.224,0.152,0.158,0.16,0.177,0.181,0.172,0.156,0.159,0.132,0.166,0.169,0.169,0.172,0.172,0.171,0.177,0.181,0.187,0.152,0.158,0.132,0.333,0.288,0.287,0.237,0.228,0.241,0.101,0.101,0.102,0.1,0.099,0.096,0.156,0.156,0.157,0.098,0.1,0.099,0.112,0.11,0.111,0.1,0.101,0.097,0.099,0.098,0.1,0.271,0.274,0.272,0.168,0.171,0.177,0.087,0.087,0.088,0.088,0.085,0.086,0.085,0.085,0.084,0.091,0.088,0.086,0.086,0.086,0.086
,09:00:00,30,0.13,0.123,0.121,0.143,0.149,0.135,0.213,0.217,0.212,0.219,0.215,0.225,0.224,0.232,0.244,0.216,0.212,0.211,0.176,0.168,0.173,0.246,0.238,0.24,0.211,0.227,0.225,0.152,0.159,0.159,0.177,0.178,0.173,0.156,0.159,0.131,0.169,0.169,0.171,0.173,0.173,0.171,0.177,0.181,0.187,0.152,0.158,0.132,0.346,0.297,0.294,0.237,0.228,0.241,0.101,0.101,0.102,0.101,0.099,0.096,0.163,0.172,0.17,0.098,0.1,0.1,0.112,0.111,0.112,0.1,0.1,0.097,0.099,0.098,0.1,0.279,0.281,0.28,0.168,0.171,0.177,0.087,0.087,0.088,0.088,0.086,0.086,0.085,0.085,0.085,0.091,0.088,0.086,0.086,0.086,0.086
,09:30:00,30,0.129,0.122,0.12,0.145,0.15,0.136,0.222,0.223,0.218,0.226,0.222,0.227,0.232,0.242,0.247,0.219,0.217,0.215,0.177,0.169,0.18,0.251,0.243,0.245,0.212,0.226,0.225,0.152,0.158,0.159,0.175,0.175,0.173,0.156,0.159,0.133,0.169,0.17,0.171,0.173,0.173,0.172,0.177,0.18,0.187,0.152,0.158,0.131,0.355,0.311,0.306,0.237,0.228,0.241,0.1,0.101,0.102,0.101,0.099,0.096,0.173,0.192,0.187,0.098,0.1,0.1,0.113,0.112,0.113,0.1,0.099,0.097,0.099,0.098,0.1,0.287,0.289,0.288,0.168,0.172,0.177,0.087,0.087,0.088,0.088,0.086,0.086,0.085,0.085,0.085,0.091,0.088,0.086,0.086,0.086,0.086
,10:00:00,30,0.131,0.122,0.119,0.147,0.15,0.138,0.229,0.227,0.221,0.235,0.229,0.255,0.24,0.234,0.248,0.222,0.219,0.22,0.183,0.175,0.187,0.256,0.25,0.251,0.211,0.226,0.225,0.151,0.158,0.159,0.174,0.177,0.174,0.157,0.16,0.133,0.171,0.172,0.172,0.173,0.174,0.172,0.177,0.181,0.187,0.152,0.158,0.133,0.367,0.317,0.315,0.237,0.228,0.24,0.101,0.101,0.102,0.101,0.099,0.096,0.186,0.21,0.205,0.098,0.1,0.1,0.115,0.113,0.114,0.101,0.1,0.097,0.099,0.098,0.099,0.295,0.297,0.296,0.168,0.172,0.177,0.087,0.087,0.088,0.088,0.086,0.086,0.085,0.085,0.085,0.091,0.088,0.086,0.086,0.086,0.086
,10:30:00,30,0.129,0.122,0.119,0.148,0.149,0.139,0.236,0.232,0.23,0.248,0.234,0.275,0.246,0.235,0.248,0.227,0.225,0.225,0.188,0.18,0.187,0.261,0.257,0.255,0.211,0.225,0.225,0.152,0.158,0.159,0.176,0.178,0.175,0.157,0.161,0.131,0.17,0.174,0.173,0.174,0.174,0.173,0.177,0.18,0.188,0.152,0.159,0.134,0.379,0.329,0.324,0.236,0.228,0.24,0.1,0.101,0.102,0.101,0.099,0.096,0.187,0.212,0.212,0.099,0.1,0.1,0.116,0.114,0.116,0.101,0.099,0.097,0.099,0.098,0.099,0.304,0.305,0.305,0.168,0.171,0.177,0.087,0.087,0.088,0.088,0.086,0.086,0.085,0.085,0.085,0.091,0.088,0.086,0.086,0.086,0.086
,11:00:00,30,0.127,0.121,0.118,0.15,0.152,0.14,0.238,0.238,0.234,0.248,0.237,0.29,0.256,0.239,0.247,0.23,0.228,0.231,0.193,0.181,0.185,0.267,0.262,0.26,0.211,0.226,0.225,0.151,0.158,0.159,0.177,0.18,0.176,0.157,0.161,0.133,0.173,0.176,0.175,0.174,0.175,0.173,0.178,0.181,0.188,0.153,0.159,0.133,0.387,0.338,0.336,0.236,0.227,0.24,0.1,0.101,0.102,0.101,0.098,0.096,0.197,0.19,0.198,0.099,0.101,0.101,0.119,0.117,0.119,0.101,0.099,0.097,0.099,0.098,0.099,0.312,0.315,0.314,0.168,0.171,0.177,0.087,0.086,0.088,0.088,0.085,0.086,0.085,0.085,0.085,0.091,0.088,0.086,0.086,0.086,0.086
,11:30:00,30,0.127,0.122,0.118,0.152,0.157,0.142,0.241,0.243,0.237,0.252,0.243,0.305,0.264,0.244,0.249,0.233,0.232,0.236,0.194,0.19,0.196,0.272,0.27,0.265,0.213,0.226,0.226,0.151,0.158,0.159,0.178,0.181,0.178,0.158,0.162,0.134,0.174,0.179,0.176,0.175,0.175,0.174,0.178,0.181,0.188,0.154,0.159,0.134,0.405,0.349,0.339,0.236,0.227,0.24,0.101,0.101,0.102,0.102,0.098,0.096,0.197,0.194,0.194,0.099,0.101,0.101,0.124,0.121,0.123,0.101,0.099,0.097,0.099,0.098,0.099,0.321,0.322,0.323,0.168,0.172,0.177,0.087,0.087,0.088,0.088,0.086,0.086,0.085,0.085,0.085,0.091,0.088,0.087,0.086,0.086,0.086
,12:00:00,30,0.127,0.122,0.117,0.155,0.159,0.145,0.25,0.249,0.242,0.257,0.249,0.317,0.268,0.242,0.25,0.236,0.233,0.241,0.197,0.196,0.204,0.279,0.271,0.27,0.214,0.226,0.226,0.151,0.158,0.159,0.181,0.183,0.18,0.159,0.163,0.134,0.175,0.181,0.178,0.175,0.176,0.175,0.178,0.182,0.188,0.154,0.16,0.133,0.407,0.362,0.357,0.236,0.227,0.24,0.1,0.101,0.102,0.102,0.098,0.096,0.195,0.2,0.202,0.099,0.101,0.101,0.134,0.129,0.132,0.101,0.099,0.097,0.099,0.098,0.099,0.329,0.33,0.331,0.168,0.172,0.177,0.087,0.087,0.088,0.088,0.086,0.086,0.085,0.085,0.085,0.091,0.088,0.086,0.086,0.086,0.086
,12:30:00,30,0.127,0.121,0.118,0.157,0.161,0.146,0.259,0.249,0.248,0.266,0.257,0.306,0.281,0.245,0.263,0.239,0.237,0.247,0.2,0.201,0.208,0.286,0.28,0.274,0.213,0.227,0.226,0.151,0.158,0.159,0.182,0.185,0.182,0.16,0.163,0.135,0.177,0.183,0.179,0.176,0.177,0.176,0.179,0.183,0.189,0.155,0.16,0.134,0.414,0.368,0.362,0.236,0.227,0.24,0.101,0.102,0.102,0.102,0.098,0.096,0.196,0.202,0.204,0.099,0.101,0.102,0.19,0.174,0.198,0.101,0.1,0.097,0.098,0.098,0.099,0.337,0.339,0.34,0.168,0.172,0.177,0.088,0.087,0.088,0.088,0.086,0.086,0.085,0.087,0.085,0.092,0.088,0.086,0.086,0.086,0.086
,13:00:00,30,0.127,0.121,0.117,0.158,0.165,0.148,0.247,0.247,0.243,0.272,0.268,0.338,0.287,0.25,0.28,0.241,0.243,0.255,0.205,0.203,0.213,0.29,0.283,0.279,0.212,0.227,0.226,0.151,0.158,0.159,0.184,0.184,0.184,0.16,0.163,0.136,0.177,0.184,0.18,0.177,0.177,0.176,0.179,0.183,0.189,0.155,0.16,0.135,0.427,0.369,0.368,0.236,0.227,0.239,0.1,0.101,0.102,0.102,0.098,0.096,0.201,0.202,0.205,0.099,0.101,0.101,0.222,0.218,0.219,0.101,0.1,0.097,0.098,0.098,0.099,0.344,0.346,0.348,0.168,0.171,0.177,0.087,0.087,0.088,0.088,0.086,0.086,0.085,0.087,0.085,0.091,0.088,0.086,0.086,0.086,0.086
,13:30:00,30,0.127,0.121,0.117,0.162,0.166,0.151,0.249,0.245,0.246,0.282,0.279,0.344,0.294,0.268,0.282,0.244,0.247,0.259,0.208,0.206,0.215,0.299,0.288,0.283,0.212,0.227,0.226,0.152,0.158,0.159,0.185,0.185,0.186,0.161,0.164,0.136,0.179,0.186,0.182,0.177,0.178,0.178,0.18,0.184,0.19,0.156,0.161,0.137,0.436,0.382,0.384,0.236,0.227,0.239,0.101,0.102,0.102,0.102,0.098,0.096,0.201,0.202,0.206,0.1,0.102,0.102,0.237,0.229,0.237,0.101,0.101,0.097,0.099,0.098,0.099,0.352,0.355,0.357,0.168,0.172,0.177,0.087,0.087,0.088,0.088,0.086,0.086,0.085,0.089,0.085,0.092,0.088,0.087,0.086,0.086,0.086
,14:00:00,30,0.127,0.121,0.117,0.166,0.167,0.155,0.244,0.243,0.233,0.291,0.284,0.351,0.305,0.271,0.285,0.251,0.25,0.263,0.212,0.209,0.217,0.307,0.294,0.29,0.213,0.227,0.226,0.152,0.159,0.159,0.186,0.187,0.187,0.162,0.165,0.136,0.178,0.188,0.184,0.178,0.179,0.178,0.18,0.185,0.19,0.156,0.162,0.135,0.443,0.385,0.385,0.235,0.227,0.239,0.101,0.101,0.102,0.102,0.098,0.096,0.194,0.202,0.206,0.1,0.102,0.102,0.251,0.247,0.251,0.101,0.101,0.097,0.098,0.098,0.1,0.36,0.363,0.364,0.168,0.172,0.177,0.087,0.087,0.088,0.088,0.085,0.086,0.085,0.091,0.085,0.091,0.088,0.086,0.086,0.086,0.086
,14:30:00,30,0.126,0.121,0.115,0.167,0.171,0.158,0.232,0.242,0.232,0.301,0.287,0.37,0.306,0.272,0.283,0.259,0.254,0.268,0.217,0.211,0.221,0.311,0.301,0.296,0.213,0.227,0.226,0.152,0.159,0.159,0.187,0.189,0.189,0.164,0.166,0.136,0.18,0.19,0.185,0.178,0.179,0.179,0.181,0.185,0.191,0.157,0.162,0.136,0.448,0.396,0.401,0.235,0.226,0.239,0.101,0.101,0.102,0.102,0.098,0.096,0.201,0.202,0.206,0.1,0.102,0.102,0.264,0.26,0.26,0.101,0.101,0.097,0.098,0.098,0.102,0.368,0.37,0.372,0.168,0.171,0.177,0.087,0.087,0.088,0.088,0.086,0.086,0.085,0.092,0.084,0.091,0.088,0.086,0.086,0.086,0.086
,15:00:00,30,0.127,0.12,0.116,0.171,0.172,0.16,0.239,0.235,0.229,0.31,0.296,0.368,0.322,0.278,0.283,0.263,0.258,0.273,0.222,0.214,0.224,0.32,0.307,0.303,0.213,0.228,0.227,0.153,0.159,0.159,0.189,0.193,0.191,0.164,0.167,0.138,0.181,0.191,0.188,0.179,0.18,0.179,0.182,0.186,0.191,0.157,0.163,0.136,0.454,0.408,0.404,0.235,0.226,0.239,0.101,0.102,0.102,0.102,0.098,0.096,0.2,0.201,0.206,0.1,0.103,0.102,0.274,0.272,0.269,0.101,0.101,0.097,0.098,0.097,0.101,0.375,0.377,0.379,0.168,0.172,0.177,0.087,0.086,0.088,0.088,0.085,0.086,0.085,0.092,0.085,0.092,0.088,0.086,0.086,0.086,0.086
,15:30:00,30,0.127,0.119,0.116,0.177,0.175,0.164,0.239,0.228,0.223,0.318,0.289,0.374,0.331,0.292,0.291,0.266,0.263,0.277,0.225,0.217,0.229,0.329,0.315,0.315,0.214,0.228,0.227,0.153,0.159,0.159,0.19,0.195,0.193,0.166,0.168,0.138,0.184,0.193,0.19,0.18,0.181,0.18,0.183,0.186,0.192,0.158,0.164,0.135,0.465,0.419,0.413,0.235,0.226,0.239,0.101,0.102,0.103,0.102,0.098,0.096,0.198,0.201,0.206,0.1,0.103,0.102,0.282,0.278,0.275,0.101,0.101,0.097,0.098,0.097,0.102,0.382,0.385,0.388,0.168,0.172,0.177,0.087,0.086,0.088,0.088,0.086,0.086,0.085,0.093,0.085,0.092,0.089,0.086,0.086,0.086,0.086
,16:00:00,30,0.126,0.119,0.115,0.183,0.179,0.17,0.241,0.229,0.226,0.328,0.296,0.397,0.335,0.301,0.295,0.273,0.271,0.283,0.227,0.222,0.233,0.338,0.322,0.332,0.215,0.228,0.227,0.153,0.159,0.159,0.192,0.197,0.195,0.167,0.169,0.139,0.185,0.195,0.192,0.181,0.183,0.181,0.184,0.187,0.193,0.158,0.165,0.137,0.471,0.418,0.424,0.235,0.226,0.239,0.101,0.102,0.103,0.103,0.098,0.096,0.195,0.201,0.207,0.1,0.103,0.102,0.286,0.284,0.279,0.102,0.101,0.097,0.099,0.097,0.102,0.39,0.392,0.394,0.168,0.172,0.177,0.088,0.087,0.088,0.088,0.086,0.086,0.085,0.094,0.085,0.092,0.088,0.087,0.086,0.086,0.086
,16:30:00,30,0.124,0.117,0.115,0.187,0.181,0.174,0.236,0.234,0.22,0.327,0.301,0.411,0.342,0.303,0.304,0.278,0.278,0.288,0.231,0.225,0.238,0.345,0.33,0.347,0.214,0.228,0.227,0.153,0.159,0.159,0.194,0.198,0.196,0.167,0.17,0.14,0.184,0.196,0.193,0.182,0.183,0.181,0.184,0.187,0.193,0.159,0.165,0.135,0.477,0.425,0.429,0.235,0.226,0.239,0.101,0.102,0.103,0.103,0.097,0.096,0.197,0.2,0.207,0.1,0.103,0.102,0.29,0.287,0.282,0.102,0.1,0.096,0.098,0.097,0.103,0.397,0.398,0.4,0.168,0.171,0.177,0.087,0.086,0.088,0.088,0.086,0.086,0.085,0.094,0.084,0.092,0.088,0.086,0.086,0.086,0.086
,17:00:00,30,0.123,0.117,0.115,0.194,0.184,0.179,0.233,0.234,0.218,0.341,0.321,0.424,0.353,0.305,0.303,0.284,0.28,0.296,0.235,0.23,0.244,0.352,0.339,0.356,0.213,0.228,0.227,0.153,0.159,0.16,0.197,0.2,0.198,0.168,0.172,0.141,0.186,0.198,0.194,0.183,0.184,0.182,0.185,0.187,0.193,0.159,0.166,0.138,0.479,0.435,0.433,0.235,0.226,0.239,0.102,0.102,0.103,0.103,0.097,0.095,0.198,0.199,0.207,0.1,0.103,0.102,0.292,0.289,0.284,0.102,0.101,0.097,0.098,0.097,0.102,0.402,0.403,0.405,0.168,0.171,0.177,0.087,0.087,0.088,0.088,0.086,0.086,0.085,0.094,0.085,0.092,0.088,0.086,0.086,0.086,0.086
,17:30:00,30,0.125,0.117,0.115,0.202,0.194,0.186,0.236,0.241,0.228,0.348,0.319,0.438,0.353,0.307,0.305,0.288,0.283,0.3,0.24,0.234,0.249,0.359,0.345,0.37,0.214,0.228,0.227,0.153,0.159,0.16,0.198,0.201,0.2,0.17,0.173,0.143,0.188,0.199,0.196,0.183,0.185,0.183,0.186,0.187,0.194,0.16,0.167,0.137,0.488,0.445,0.442,0.235,0.226,0.239,0.102,0.102,0.103,0.103,0.097,0.096,0.191,0.197,0.207,0.1,0.103,0.102,0.294,0.291,0.285,0.102,0.101,0.096,0.098,0.097,0.103,0.407,0.407,0.409,0.168,0.171,0.177,0.087,0.087,0.088,0.088,0.086,0.086,0.085,0.094,0.085,0.092,0.088,0.086,0.086,0.086,0.086
,18:00:00,30,0.124,0.117,0.115,0.204,0.196,0.189,0.239,0.235,0.228,0.357,0.329,0.433,0.366,0.318,0.308,0.292,0.289,0.305,0.245,0.239,0.254,0.366,0.352,0.382,0.212,0.228,0.227,0.153,0.159,0.16,0.2,0.203,0.201,0.17,0.175,0.141,0.19,0.2,0.198,0.185,0.185,0.183,0.185,0.187,0.194,0.16,0.167,0.138,0.493,0.455,0.455,0.234,0.226,0.239,0.102,0.102,0.103,0.103,0.097,0.095,0.191,0.197,0.206,0.1,0.103,0.102,0.295,0.292,0.285,0.102,0.101,0.096,0.098,0.097,0.103,0.411,0.411,0.414,0.167,0.171,0.177,0.087,0.086,0.088,0.088,0.085,0.086,0.085,0.094,0.084,0.092,0.088,0.086,0.086,0.086,0.086
,18:30:00,30,0.124,0.117,0.115,0.213,0.207,0.201,0.232,0.243,0.23,0.381,0.342,0.458,0.374,0.32,0.316,0.3,0.297,0.307,0.253,0.244,0.26,0.372,0.359,0.403,0.212,0.228,0.227,0.153,0.159,0.16,0.202,0.204,0.203,0.171,0.176,0.143,0.192,0.202,0.199,0.185,0.187,0.184,0.185,0.187,0.195,0.161,0.168,0.139,0.497,0.456,0.459,0.235,0.226,0.239,0.102,0.102,0.103,0.103,0.097,0.095,0.19,0.198,0.206,0.1,0.103,0.102,0.297,0.293,0.285,0.102,0.102,0.096,0.098,0.097,0.104,0.414,0.416,0.418,0.168,0.171,0.176,0.087,0.087,0.088,0.088,0.085,0.086,0.085,0.094,0.084,0.092,0.088,0.086,0.086,0.086,0.086
,19:00:00,30,0.121,0.116,0.115,0.22,0.207,0.205,0.234,0.245,0.228,0.379,0.351,0.465,0.384,0.325,0.315,0.31,0.305,0.314,0.257,0.249,0.266,0.379,0.366,0.414,0.212,0.228,0.227,0.153,0.159,0.161,0.203,0.206,0.204,0.172,0.177,0.143,0.193,0.203,0.2,0.186,0.187,0.184,0.185,0.187,0.196,0.161,0.168,0.137,0.504,0.468,0.464,0.234,0.226,0.238,0.102,0.102,0.103,0.103,0.097,0.095,0.184,0.197,0.206,0.1,0.103,0.102,0.298,0.294,0.285,0.102,0.102,0.096,0.098,0.097,0.105,0.419,0.42,0.422,0.168,0.171,0.177,0.087,0.087,0.088,0.088,0.085,0.086,0.085,0.094,0.085,0.092,0.088,0.086,0.086,0.086,0.086
,19:30:00,30,0.127,0.116,0.114,0.228,0.218,0.216,0.239,0.236,0.228,0.381,0.354,0.477,0.396,0.334,0.32,0.312,0.309,0.324,0.262,0.254,0.273,0.384,0.373,0.426,0.212,0.228,0.227,0.153,0.159,0.161,0.205,0.207,0.205,0.172,0.177,0.145,0.194,0.203,0.201,0.186,0.188,0.185,0.186,0.186,0.197,0.162,0.169,0.138,0.508,0.465,0.47,0.234,0.226,0.239,0.103,0.102,0.103,0.103,0.097,0.095,0.183,0.196,0.206,0.1,0.103,0.102,0.299,0.295,0.286,0.102,0.102,0.096,0.098,0.097,0.105,0.424,0.425,0.428,0.168,0.171,0.177,0.087,0.087,0.088,0.088,0.085,0.086,0.085,0.094,0.084,0.092,0.088,0.086,0.086,0.086,0.086
,20:00:00,30,0.129,0.116,0.114,0.231,0.217,0.218,0.239,0.238,0.233,0.394,0.359,0.483,0.399,0.337,0.316,0.317,0.313,0.331,0.267,0.261,0.278,0.389,0.382,0.429,0.212,0.228,0.227,0.154,0.159,0.161,0.206,0.208,0.206,0.173,0.178,0.143,0.196,0.204,0.202,0.187,0.188,0.185,0.185,0.186,0.197,0.162,0.169,0.137,0.513,0.482,0.473,0.234,0.226,0.239,0.103,0.103,0.103,0.103,0.097,0.095,0.182,0.195,0.206,0.1,0.103,0.102,0.3,0.295,0.286,0.102,0.102,0.096,0.098,0.097,0.106,0.43,0.43,0.434,0.167,0.171,0.176,0.087,0.086,0.088,0.088,0.085,0.086,0.085,0.094,0.084,0.092,0.088,0.086,0.086,0.086,0.086
,20:30:00,30,0.128,0.116,0.114,0.244,0.23,0.229,0.234,0.232,0.232,0.406,0.364,0.485,0.411,0.339,0.319,0.322,0.32,0.339,0.273,0.267,0.281,0.395,0.387,0.44,0.212,0.228,0.227,0.154,0.159,0.161,0.208,0.21,0.208,0.173,0.178,0.143,0.197,0.205,0.203,0.188,0.189,0.186,0.185,0.185,0.198,0.163,0.17,0.139,0.516,0.484,0.479,0.234,0.226,0.238,0.103,0.103,0.103,0.103,0.097,0.095,0.187,0.195,0.206,0.1,0.103,0.103,0.301,0.296,0.286,0.103,0.102,0.096,0.098,0.097,0.106,0.436,0.437,0.441,0.167,0.171,0.177,0.087,0.086,0.088,0.088,0.085,0.086,0.085,0.093,0.085,0.092,0.088,0.086,0.086,0.086,0.086
,21:00:00,30,0.127,0.116,0.113,0.246,0.239,0.234,0.237,0.235,0.231,0.404,0.367,0.496,0.41,0.349,0.317,0.327,0.328,0.344,0.277,0.274,0.285,0.402,0.395,0.45,0.212,0.228,0.227,0.154,0.159,0.161,0.209,0.211,0.209,0.174,0.178,0.143,0.199,0.205,0.204,0.188,0.189,0.187,0.185,0.184,0.197,0.163,0.171,0.138,0.519,0.487,0.486,0.234,0.226,0.239,0.103,0.103,0.104,0.103,0.097,0.095,0.188,0.194,0.206,0.101,0.103,0.103,0.302,0.297,0.286,0.103,0.102,0.096,0.098,0.097,0.106,0.442,0.443,0.448,0.167,0.171,0.176,0.087,0.087,0.088,0.088,0.086,0.086,0.085,0.094,0.084,0.092,0.088,0.086,0.086,0.086,0.086
,21:30:00,30,0.129,0.116,0.114,0.252,0.246,0.239,0.247,0.243,0.232,0.415,0.391,0.503,0.395,0.349,0.323,0.331,0.335,0.347,0.283,0.28,0.29,0.407,0.4,0.454,0.213,0.228,0.227,0.154,0.159,0.161,0.21,0.212,0.21,0.174,0.179,0.146,0.2,0.206,0.204,0.188,0.19,0.187,0.185,0.185,0.196,0.164,0.171,0.139,0.523,0.495,0.496,0.234,0.226,0.238,0.103,0.103,0.104,0.103,0.097,0.095,0.185,0.194,0.205,0.101,0.104,0.103,0.303,0.297,0.287,0.103,0.102,0.096,0.098,0.097,0.107,0.448,0.451,0.453,0.167,0.171,0.177,0.087,0.086,0.088,0.088,0.086,0.086,0.085,0.094,0.085,0.092,0.088,0.086,0.086,0.086,0.086
,22:00:00,30,0.127,0.116,0.113,0.259,0.243,0.248,0.25,0.243,0.233,0.424,0.401,0.496,0.394,0.347,0.335,0.335,0.34,0.351,0.288,0.284,0.295,0.414,0.406,0.462,0.213,0.228,0.227,0.154,0.159,0.161,0.211,0.214,0.211,0.174,0.18,0.144,0.201,0.207,0.204,0.188,0.19,0.187,0.185,0.186,0.196,0.164,0.172,0.139,0.524,0.498,0.501,0.234,0.226,0.238,0.103,0.103,0.104,0.104,0.097,0.095,0.187,0.194,0.205,0.101,0.104,0.103,0.303,0.298,0.287,0.103,0.101,0.096,0.098,0.097,0.107,0.454,0.454,0.456,0.167,0.171,0.177,0.087,0.087,0.088,0.088,0.086,0.086,0.085,0.094,0.085,0.092,0.088,0.086,0.086,0.086,0.086
,22:30:00,30,0.124,0.116,0.113,0.257,0.253,0.253,0.254,0.243,0.243,0.443,0.409,0.512,0.386,0.362,0.35,0.341,0.344,0.358,0.291,0.29,0.3,0.419,0.411,0.478,0.213,0.228,0.227,0.154,0.159,0.161,0.212,0.215,0.212,0.174,0.179,0.148,0.202,0.208,0.204,0.189,0.19,0.187,0.185,0.187,0.195,0.164,0.172,0.14,0.528,0.504,0.506,0.233,0.225,0.238,0.104,0.103,0.104,0.104,0.096,0.095,0.182,0.193,0.205,0.101,0.104,0.103,0.304,0.299,0.287,0.103,0.101,0.096,0.098,0.097,0.107,0.457,0.458,0.46,0.167,0.171,0.176,0.087,0.087,0.088,0.088,0.086,0.086,0.085,0.095,0.085,0.092,0.088,0.086,0.086,0.086,0.086
,23:00:00,30,0.123,0.115,0.113,0.269,0.252,0.261,0.251,0.24,0.237,0.451,0.421,0.513,0.383,0.364,0.35,0.345,0.347,0.365,0.296,0.296,0.307,0.427,0.416,0.486,0.212,0.228,0.227,0.154,0.159,0.161,0.214,0.215,0.213,0.174,0.179,0.147,0.204,0.21,0.204,0.19,0.19,0.188,0.185,0.189,0.195,0.165,0.172,0.14,0.528,0.509,0.51,0.233,0.226,0.238,0.104,0.103,0.104,0.104,0.097,0.095,0.194,0.191,0.205,0.101,0.104,0.103,0.305,0.299,0.288,0.103,0.1,0.096,0.098,0.097,0.108,0.46,0.46,0.462,0.167,0.171,0.176,0.087,0.086,0.088,0.088,0.085,0.086,0.085,0.095,0.085,0.092,0.088,0.086,0.086,0.086,0.086
,23:30:00,30,0.126,0.115,0.113,0.272,0.264,0.266,0.257,0.241,0.247,0.452,0.42,0.511,0.381,0.37,0.361,0.35,0.352,0.37,0.3,0.301,0.314,0.431,0.42,0.498,0.212,0.228,0.227,0.154,0.159,0.161,0.215,0.217,0.214,0.174,0.179,0.146,0.206,0.211,0.205,0.191,0.191,0.189,0.185,0.189,0.194,0.165,0.172,0.141,0.531,0.51,0.52,0.233,0.226,0.238,0.104,0.103,0.105,0.104,0.097,0.095,0.19,0.193,0.205,0.101,0.104,0.104,0.305,0.3,0.288,0.103,0.1,0.096,0.098,0.097,0.108,0.462,0.462,0.463,0.167,0.171,0.177,0.087,0.087,0.088,0.088,0.086,0.086,0.085,0.095,0.085,0.092,0.088,0.086,0.086,0.086,0.086
,24:00:00,30,0.123,0.114,0.112,0.274,0.267,0.275,0.252,0.241,0.24,0.468,0.441,0.506,0.38,0.371,0.363,0.354,0.356,0.373,0.306,0.304,0.319,0.435,0.424,0.504,0.214,0.228,0.227,0.154,0.159,0.161,0.216,0.218,0.215,0.174,0.179,0.147,0.208,0.212,0.205,0.191,0.191,0.189,0.185,0.188,0.194,0.165,0.173,0.14,0.532,0.512,0.521,0.232,0.225,0.238,0.104,0.104,0.105,0.104,0.096,0.095,0.193,0.192,0.205,0.101,0.104,0.104,0.306,0.3,0.288,0.103,0.1,0.096,0.098,0.097,0.108,0.465,0.464,0.464,0.167,0.171,0.176,0.087,0.087,0.088,0.088,0.086,0.086,0.085,0.095,0.085,0.092,0.088,0.086,0.086,0.086,0.086
,24:30:00,30,0.127,0.114,0.112,0.282,0.275,0.277,0.255,0.243,0.236,0.466,0.437,0.497,0.384,0.374,0.36,0.357,0.361,0.376,0.314,0.31,0.323,0.439,0.429,0.51,0.214,0.228,0.227,0.154,0.159,0.161,0.217,0.219,0.216,0.174,0.179,0.147,0.21,0.214,0.205,0.192,0.191,0.19,0.185,0.188,0.194,0.165,0.173,0.138,0.534,0.514,0.522,0.232,0.225,0.238,0.104,0.104,0.106,0.104,0.096,0.095,0.187,0.191,0.205,0.102,0.104,0.104,0.307,0.301,0.288,0.103,0.099,0.096,0.098,0.097,0.108,0.466,0.464,0.464,0.167,0.171,0.177,0.088,0.087,0.088,0.088,0.086,0.086,0.085,0.096,0.085,0.092,0.089,0.087,0.086,0.086,0.086
,25:00:00,30,0.124,0.114,0.112,0.283,0.277,0.283,0.256,0.245,0.242,0.469,0.439,0.501,0.383,0.386,0.365,0.359,0.365,0.382,0.32,0.315,0.328,0.443,0.437,0.505,0.213,0.228,0.227,0.153,0.159,0.16,0.218,0.219,0.217,0.174,0.18,0.146,0.213,0.215,0.206,0.193,0.192,0.191,0.186,0.187,0.195,0.166,0.173,0.141,0.533,0.514,0.526,0.232,0.225,0.238,0.104,0.104,0.106,0.104,0.097,0.095,0.193,0.19,0.205,0.102,0.104,0.104,0.307,0.301,0.289,0.104,0.099,0.096,0.098,0.097,0.108,0.466,0.464,0.464,0.167,0.171,0.177,0.087,0.087,0.088,0.088,0.086,0.086,0.085,0.096,0.085,0.092,0.088,0.087,0.086,0.086,0.086
,25:30:00,30,0.128,0.113,0.111,0.291,0.284,0.289,0.255,0.25,0.245,0.466,0.445,0.496,0.385,0.389,0.376,0.365,0.37,0.385,0.324,0.321,0.333,0.449,0.44,0.518,0.214,0.228,0.227,0.153,0.159,0.16,0.218,0.22,0.218,0.174,0.179,0.147,0.214,0.216,0.206,0.193,0.193,0.192,0.186,0.188,0.195,0.166,0.173,0.142,0.536,0.515,0.527,0.232,0.225,0.238,0.104,0.104,0.106,0.104,0.096,0.095,0.196,0.19,0.204,0.102,0.104,0.104,0.307,0.301,0.289,0.103,0.098,0.096,0.098,0.097,0.108,0.465,0.463,0.463,0.167,0.171,0.176,0.087,0.087,0.088,0.088,0.086,0.086,0.085,0.096,0.085,0.092,0.088,0.086,0.086,0.086,0.086
,26:00:00,30,0.133,0.114,0.111,0.293,0.287,0.291,0.257,0.248,0.252,0.476,0.453,0.486,0.384,0.381,0.384,0.37,0.374,0.389,0.328,0.328,0.341,0.454,0.447,0.52,0.212,0.228,0.227,0.153,0.159,0.16,0.219,0.221,0.218,0.173,0.179,0.146,0.216,0.217,0.207,0.194,0.193,0.192,0.187,0.188,0.194,0.165,0.173,0.141,0.537,0.514,0.527,0.232,0.225,0.237,0.104,0.104,0.106,0.104,0.096,0.095,0.191,0.19,0.204,0.102,0.104,0.104,0.307,0.302,0.289,0.103,0.098,0.096,0.098,0.096,0.108,0.465,0.462,0.461,0.167,0.171,0.176,0.087,0.087,0.088,0.088,0.085,0.086,0.085,0.096,0.084,0.092,0.088,0.086,0.086,0.086,0.086
,26:30:00,30,0.13,0.114,0.112,0.297,0.296,0.296,0.26,0.244,0.254,0.478,0.448,0.48,0.385,0.376,0.377,0.375,0.378,0.394,0.334,0.333,0.346,0.459,0.449,0.524,0.214,0.228,0.227,0.153,0.158,0.16,0.22,0.222,0.219,0.173,0.179,0.146,0.218,0.218,0.207,0.195,0.194,0.193,0.187,0.188,0.194,0.166,0.173,0.139,0.539,0.514,0.53,0.232,0.225,0.238,0.104,0.104,0.106,0.104,0.096,0.095,0.194,0.187,0.204,0.102,0.104,0.104,0.308,0.302,0.289,0.103,0.098,0.096,0.098,0.096,0.108,0.463,0.46,0.46,0.167,0.171,0.176,0.087,0.086,0.088,0.088,0.085,0.086,0.085,0.096,0.084,0.092,0.088,0.086,0.086,0.086,0.086
,27:00:00,30,0.129,0.113,0.112,0.306,0.301,0.301,0.253,0.251,0.253,0.477,0.444,0.474,0.385,0.392,0.397,0.379,0.381,0.397,0.34,0.337,0.351,0.462,0.455,0.533,0.212,0.228,0.227,0.153,0.158,0.16,0.221,0.222,0.22,0.173,0.179,0.146,0.221,0.219,0.208,0.196,0.195,0.193,0.188,0.189,0.193,0.166,0.173,0.14,0.54,0.513,0.531,0.232,0.225,0.238,0.105,0.104,0.106,0.104,0.096,0.095,0.197,0.188,0.204,0.102,0.104,0.104,0.308,0.302,0.289,0.104,0.098,0.096,0.098,0.097,0.108,0.462,0.459,0.458,0.167,0.171,0.176,0.087,0.087,0.088,0.088,0.085,0.086,0.085,0.096,0.085,0.092,0.088,0.086,0.086,0.086,0.086
,27:30:00,30,0.127,0.113,0.112,0.315,0.296,0.306,0.262,0.248,0.256,0.482,0.447,0.476,0.387,0.383,0.402,0.382,0.384,0.402,0.345,0.341,0.356,0.467,0.457,0.536,0.212,0.228,0.227,0.153,0.158,0.159,0.222,0.223,0.221,0.174,0.179,0.145,0.221,0.22,0.208,0.197,0.196,0.193,0.188,0.19,0.194,0.166,0.173,0.14,0.54,0.512,0.53,0.232,0.225,0.238,0.105,0.104,0.106,0.105,0.096,0.095,0.188,0.188,0.204,0.102,0.104,0.104,0.308,0.302,0.289,0.104,0.098,0.096,0.098,0.097,0.108,0.46,0.456,0.457,0.167,0.171,0.176,0.087,0.087,0.088,0.088,0.086,0.086,0.085,0.096,0.085,0.092,0.088,0.086,0.086,0.086,0.086
,28:00:00,30,0.133,0.113,0.112,0.316,0.3,0.311,0.255,0.251,0.257,0.471,0.444,0.476,0.392,0.392,0.395,0.385,0.387,0.405,0.35,0.348,0.364,0.473,0.462,0.536,0.213,0.228,0.227,0.152,0.158,0.159,0.223,0.225,0.222,0.173,0.179,0.144,0.223,0.221,0.209,0.198,0.197,0.194,0.188,0.189,0.194,0.166,0.173,0.14,0.544,0.51,0.531,0.232,0.225,0.237,0.105,0.105,0.106,0.105,0.096,0.095,0.187,0.189,0.204,0.102,0.104,0.104,0.309,0.303,0.289,0.104,0.098,0.096,0.098,0.097,0.108,0.458,0.454,0.454,0.167,0.171,0.177,0.088,0.087,0.088,0.088,0.086,0.086,0.085,0.096,0.085,0.093,0.089,0.087,0.086,0.086,0.086
,28:30:00,30,0.135,0.112,0.112,0.324,0.311,0.315,0.259,0.233,0.248,0.461,0.441,0.472,0.38,0.387,0.402,0.388,0.39,0.409,0.356,0.354,0.371,0.475,0.466,0.536,0.211,0.228,0.227,0.152,0.157,0.159,0.225,0.225,0.223,0.173,0.179,0.143,0.225,0.222,0.209,0.198,0.197,0.194,0.187,0.188,0.194,0.166,0.173,0.142,0.545,0.511,0.532,0.232,0.225,0.237,0.105,0.104,0.106,0.105,0.096,0.095,0.189,0.187,0.204,0.102,0.104,0.104,0.309,0.303,0.289,0.104,0.097,0.095,0.098,0.096,0.108,0.455,0.451,0.452,0.167,0.171,0.176,0.087,0.087,0.088,0.088,0.085,0.086,0.085,0.096,0.085,0.092,0.088,0.086,0.086,0.086,0.086
,29:00:00,30,0.141,0.112,0.112,0.324,0.317,0.317,0.253,0.246,0.248,0.461,0.43,0.473,0.386,0.391,0.401,0.392,0.393,0.413,0.361,0.358,0.376,0.479,0.471,0.535,0.213,0.228,0.227,0.152,0.157,0.159,0.227,0.227,0.223,0.173,0.179,0.143,0.227,0.223,0.21,0.199,0.197,0.195,0.187,0.189,0.194,0.166,0.173,0.14,0.544,0.51,0.531,0.232,0.224,0.237,0.105,0.105,0.106,0.105,0.096,0.095,0.192,0.188,0.204,0.102,0.104,0.104,0.309,0.303,0.289,0.104,0.097,0.096,0.098,0.097,0.108,0.453,0.449,0.449,0.167,0.171,0.176,0.088,0.087,0.088,0.088,0.086,0.086,0.085,0.096,0.085,0.093,0.088,0.086,0.086,0.086,0.086
,29:30:00,30,0.137,0.111,0.112,0.335,0.317,0.32,0.257,0.249,0.25,0.457,0.431,0.474,0.39,0.389,0.401,0.396,0.397,0.416,0.369,0.363,0.382,0.483,0.474,0.546,0.213,0.228,0.228,0.152,0.157,0.158,0.229,0.229,0.224,0.173,0.178,0.142,0.228,0.224,0.211,0.2,0.197,0.195,0.187,0.189,0.194,0.166,0.173,0.142,0.546,0.51,0.532,0.232,0.224,0.237,0.105,0.105,0.106,0.105,0.096,0.095,0.194,0.188,0.203,0.102,0.104,0.104,0.309,0.303,0.289,0.104,0.097,0.096,0.098,0.097,0.108,0.45,0.446,0.447,0.168,0.171,0.177,0.088,0.087,0.088,0.088,0.086,0.086,0.085,0.096,0.085,0.093,0.088,0.087,0.086,0.086,0.086
,30:00:00,30,0.136,0.111,0.112,0.336,0.33,0.336,0.266,0.246,0.252,0.455,0.431,0.477,0.386,0.387,0.401,0.399,0.4,0.42,0.371,0.369,0.388,0.487,0.472,0.54,0.213,0.228,0.228,0.152,0.157,0.158,0.231,0.23,0.225,0.173,0.178,0.141,0.231,0.226,0.212,0.2,0.197,0.195,0.186,0.188,0.193,0.166,0.173,0.141,0.549,0.509,0.533,0.232,0.224,0.237,0.105,0.105,0.106,0.105,0.096,0.095,0.192,0.189,0.203,0.102,0.104,0.104,0.309,0.303,0.289,0.104,0.097,0.095,0.098,0.096,0.107,0.447,0.444,0.445,0.168,0.17,0.176,0.087,0.087,0.088,0.088,0.085,0.086,0.085,0.096,0.085,0.092,0.088,0.086,0.086,0.086,0.086
,30:30:00,30,0.133,0.111,0.112,0.342,0.333,0.339,0.269,0.246,0.253,0.459,0.429,0.478,0.381,0.384,0.4,0.402,0.404,0.425,0.377,0.374,0.393,0.491,0.479,0.547,0.212,0.228,0.228,0.151,0.156,0.158,0.233,0.233,0.225,0.173,0.178,0.141,0.234,0.229,0.214,0.2,0.197,0.196,0.187,0.188,0.193,0.166,0.172,0.14,0.55,0.509,0.534,0.232,0.224,0.236,0.105,0.105,0.106,0.105,0.095,0.095,0.192,0.186,0.203,0.101,0.104,0.104,0.309,0.303,0.289,0.104,0.096,0.095,0.097,0.096,0.107,0.446,0.443,0.443,0.168,0.17,0.176,0.087,0.086,0.088,0.088,0.085,0.086,0.085,0.096,0.084,0.092,0.088,0.086,0.086,0.086,0.086
,31:00:00,30,0.132,0.111,0.111,0.349,0.34,0.34,0.265,0.253,0.255,0.449,0.429,0.473,0.39,0.382,0.399,0.406,0.408,0.429,0.386,0.378,0.4,0.493,0.481,0.545,0.212,0.228,0.228,0.151,0.156,0.158,0.235,0.235,0.226,0.173,0.178,0.141,0.234,0.232,0.216,0.201,0.198,0.196,0.187,0.189,0.194,0.166,0.173,0.14,0.549,0.509,0.535,0.232,0.224,0.236,0.105,0.105,0.107,0.105,0.096,0.094,0.185,0.187,0.203,0.101,0.104,0.104,0.31,0.303,0.289,0.104,0.096,0.095,0.098,0.097,0.107,0.444,0.441,0.442,0.168,0.171,0.176,0.087,0.087,0.088,0.088,0.086,0.086,0.085,0.096,0.085,0.092,0.088,0.086,0.086,0.086,0.086
,31:30:00,30,0.136,0.11,0.111,0.352,0.344,0.355,0.262,0.254,0.249,0.46,0.43,0.474,0.39,0.38,0.397,0.408,0.411,0.433,0.39,0.385,0.407,0.499,0.486,0.547,0.212,0.227,0.228,0.151,0.156,0.157,0.236,0.236,0.226,0.173,0.178,0.14,0.237,0.235,0.217,0.201,0.198,0.196,0.187,0.189,0.194,0.166,0.172,0.139,0.549,0.509,0.537,0.232,0.224,0.236,0.105,0.105,0.107,0.105,0.095,0.094,0.192,0.187,0.202,0.101,0.103,0.104,0.309,0.303,0.289,0.104,0.096,0.095,0.097,0.096,0.107,0.442,0.439,0.44,0.168,0.17,0.176,0.087,0.086,0.088,0.088,0.085,0.086,0.084,0.096,0.084,0.092,0.088,0.086,0.086,0.086,0.086
,32:00:00,30,0.13,0.11,0.11,0.36,0.353,0.358,0.26,0.256,0.252,0.461,0.428,0.479,0.39,0.378,0.394,0.411,0.415,0.436,0.393,0.391,0.412,0.5,0.491,0.551,0.213,0.227,0.229,0.151,0.156,0.157,0.237,0.238,0.227,0.173,0.178,0.14,0.24,0.239,0.219,0.202,0.198,0.197,0.187,0.189,0.194,0.166,0.173,0.14,0.546,0.509,0.537,0.232,0.224,0.236,0.105,0.105,0.107,0.105,0.095,0.095,0.194,0.187,0.202,0.101,0.103,0.104,0.31,0.303,0.289,0.104,0.096,0.095,0.098,0.096,0.107,0.44,0.437,0.439,0.168,0.17,0.176,0.087,0.087,0.088,0.088,0.086,0.086,0.084,0.096,0.085,0.092,0.088,0.086,0.086,0.086,0.086
,32:30:00,30,0.135,0.109,0.11,0.361,0.358,0.366,0.266,0.257,0.258,0.459,0.437,0.48,0.388,0.378,0.392,0.413,0.417,0.439,0.398,0.396,0.418,0.507,0.492,0.549,0.212,0.227,0.229,0.15,0.156,0.157,0.238,0.239,0.227,0.172,0.178,0.138,0.242,0.242,0.221,0.202,0.198,0.197,0.187,0.19,0.194,0.165,0.173,0.139,0.546,0.508,0.537,0.231,0.224,0.236,0.105,0.104,0.107,0.105,0.095,0.094,0.195,0.187,0.202,0.101,0.103,0.104,0.31,0.303,0.289,0.104,0.096,0.095,0.098,0.096,0.106,0.439,0.435,0.437,0.168,0.17,0.176,0.087,0.086,0.088,0.088,0.085,0.086,0.085,0.096,0.085,0.092,0.088,0.086,0.086,0.086,0.086
,33:00:00,30,0.133,0.11,0.11,0.371,0.358,0.368,0.268,0.246,0.257,0.461,0.435,0.481,0.394,0.377,0.389,0.415,0.42,0.442,0.405,0.401,0.425,0.508,0.498,0.555,0.211,0.227,0.229,0.15,0.156,0.157,0.238,0.24,0.229,0.172,0.177,0.137,0.244,0.244,0.222,0.203,0.199,0.197,0.187,0.19,0.194,0.165,0.172,0.139,0.549,0.508,0.537,0.231,0.223,0.236,0.106,0.105,0.107,0.105,0.095,0.094,0.197,0.185,0.202,0.101,0.103,0.104,0.31,0.303,0.289,0.105,0.096,0.095,0.098,0.096,0.106,0.437,0.434,0.436,0.168,0.17,0.176,0.087,0.086,0.088,0.088,0.085,0.086,0.085,0.096,0.085,0.092,0.088,0.086,0.086,0.086,0.086
,33:30:00,30,0.128,0.109,0.109,0.37,0.365,0.368,0.27,0.253,0.254,0.459,0.429,0.473,0.393,0.376,0.387,0.417,0.423,0.446,0.409,0.407,0.43,0.514,0.504,0.555,0.211,0.227,0.229,0.15,0.155,0.156,0.24,0.24,0.229,0.172,0.177,0.138,0.249,0.246,0.223,0.203,0.199,0.197,0.187,0.191,0.195,0.165,0.172,0.137,0.549,0.507,0.537,0.231,0.224,0.236,0.106,0.105,0.108,0.105,0.095,0.094,0.195,0.185,0.202,0.1,0.103,0.105,0.31,0.303,0.289,0.104,0.096,0.095,0.098,0.096,0.106,0.435,0.432,0.434,0.168,0.17,0.176,0.087,0.087,0.088,0.088,0.085,0.086,0.085,0.096,0.084,0.093,0.088,0.086,0.086,0.086,0.086
,34:00:00,30,0.131,0.109,0.11,0.379,0.369,0.379,0.269,0.252,0.257,0.464,0.438,0.485,0.391,0.376,0.386,0.419,0.425,0.448,0.416,0.413,0.436,0.519,0.51,0.555,0.212,0.227,0.229,0.15,0.155,0.156,0.24,0.241,0.231,0.172,0.177,0.138,0.249,0.247,0.224,0.204,0.199,0.198,0.188,0.191,0.196,0.165,0.172,0.138,0.553,0.506,0.537,0.231,0.224,0.236,0.106,0.104,0.108,0.105,0.095,0.094,0.197,0.184,0.202,0.1,0.103,0.105,0.31,0.303,0.289,0.105,0.096,0.095,0.097,0.096,0.106,0.433,0.431,0.431,0.168,0.17,0.176,0.087,0.087,0.088,0.088,0.086,0.086,0.085,0.095,0.085,0.093,0.088,0.086,0.086,0.086,0.086
,34:30:00,30,0.129,0.108,0.11,0.383,0.375,0.386,0.27,0.247,0.259,0.462,0.432,0.477,0.389,0.376,0.384,0.421,0.428,0.45,0.42,0.416,0.442,0.526,0.513,0.557,0.211,0.226,0.229,0.15,0.154,0.156,0.241,0.241,0.232,0.172,0.177,0.136,0.252,0.242,0.225,0.204,0.2,0.198,0.188,0.192,0.196,0.165,0.172,0.138,0.551,0.506,0.536,0.231,0.223,0.236,0.105,0.104,0.108,0.105,0.095,0.094,0.193,0.183,0.202,0.1,0.103,0.105,0.31,0.303,0.289,0.105,0.096,0.095,0.097,0.096,0.106,0.431,0.429,0.43,0.167,0.17,0.176,0.087,0.086,0.088,0.088,0.085,0.086,0.085,0.095,0.084,0.092,0.088,0.086,0.086,0.086,0.086
,35:00:00,30,0.132,0.108,0.109,0.392,0.384,0.392,0.268,0.251,0.262,0.465,0.436,0.477,0.396,0.375,0.383,0.423,0.431,0.452,0.425,0.421,0.447,0.527,0.518,0.551,0.21,0.226,0.23,0.15,0.155,0.156,0.242,0.242,0.233,0.172,0.177,0.136,0.254,0.244,0.227,0.205,0.2,0.199,0.188,0.193,0.197,0.165,0.172,0.138,0.551,0.506,0.535,0.231,0.223,0.236,0.106,0.104,0.108,0.105,0.095,0.094,0.194,0.182,0.202,0.1,0.104,0.105,0.309,0.303,0.288,0.105,0.096,0.095,0.097,0.096,0.105,0.43,0.428,0.429,0.167,0.17,0.176,0.087,0.087,0.088,0.088,0.086,0.086,0.085,0.095,0.085,0.093,0.088,0.086,0.086,0.086,0.086
,35:30:00,30,0.132,0.108,0.11,0.395,0.387,0.4,0.269,0.25,0.26,0.467,0.434,0.477,0.394,0.375,0.383,0.426,0.432,0.454,0.43,0.427,0.451,0.534,0.52,0.556,0.212,0.226,0.229,0.149,0.154,0.155,0.242,0.243,0.234,0.172,0.177,0.136,0.258,0.247,0.228,0.205,0.2,0.199,0.189,0.193,0.197,0.165,0.172,0.136,0.546,0.506,0.535,0.231,0.223,0.236,0.106,0.104,0.108,0.105,0.095,0.094,0.199,0.183,0.202,0.1,0.103,0.105,0.309,0.303,0.288,0.105,0.096,0.095,0.097,0.096,0.105,0.427,0.427,0.428,0.167,0.17,0.176,0.087,0.086,0.088,0.088,0.085,0.086,0.085,0.095,0.084,0.093,0.088,0.087,0.086,0.086,0.086
,36:00:00,30,0.132,0.108,0.109,0.402,0.392,0.405,0.268,0.248,0.258,0.466,0.438,0.481,0.394,0.375,0.382,0.428,0.435,0.456,0.435,0.433,0.453,0.535,0.522,0.557,0.21,0.226,0.229,0.15,0.154,0.155,0.243,0.243,0.234,0.172,0.177,0.135,0.259,0.248,0.229,0.206,0.201,0.2,0.189,0.194,0.198,0.165,0.172,0.136,0.546,0.511,0.534,0.231,0.223,0.236,0.106,0.104,0.108,0.106,0.095,0.094,0.197,0.182,0.202,0.101,0.103,0.105,0.309,0.303,0.288,0.105,0.096,0.095,0.097,0.096,0.105,0.426,0.426,0.427,0.167,0.17,0.176,0.087,0.087,0.088,0.088,0.086,0.086,0.085,0.095,0.085,0.093,0.088,0.086,0.086,0.086,0.086
,36:30:00,30,0.135,0.108,0.108,0.406,0.394,0.412,0.269,0.253,0.258,0.473,0.445,0.477,0.389,0.374,0.382,0.429,0.437,0.458,0.439,0.437,0.455,0.541,0.528,0.558,0.211,0.226,0.229,0.149,0.154,0.155,0.244,0.244,0.235,0.172,0.177,0.134,0.263,0.25,0.231,0.206,0.201,0.2,0.19,0.195,0.198,0.164,0.172,0.135,0.548,0.507,0.532,0.231,0.223,0.236,0.106,0.104,0.108,0.106,0.095,0.094,0.196,0.182,0.202,0.1,0.104,0.105,0.309,0.303,0.287,0.105,0.096,0.095,0.097,0.096,0.105,0.425,0.425,0.427,0.167,0.17,0.176,0.087,0.087,0.088,0.088,0.085,0.086,0.085,0.095,0.085,0.093,0.088,0.086,0.086,0.086,0.086
,37:00:00,30,0.131,0.108,0.108,0.413,0.402,0.408,0.268,0.246,0.261,0.47,0.443,0.481,0.39,0.374,0.381,0.43,0.439,0.46,0.444,0.44,0.462,0.544,0.528,0.559,0.211,0.226,0.229,0.149,0.153,0.155,0.245,0.244,0.236,0.172,0.177,0.134,0.265,0.251,0.231,0.206,0.201,0.201,0.19,0.195,0.199,0.164,0.172,0.134,0.549,0.505,0.531,0.231,0.223,0.236,0.106,0.104,0.107,0.106,0.095,0.094,0.197,0.183,0.202,0.1,0.103,0.105,0.309,0.302,0.287,0.105,0.095,0.095,0.096,0.096,0.105,0.425,0.425,0.427,0.167,0.17,0.176,0.087,0.086,0.088,0.088,0.085,0.086,0.085,0.095,0.084,0.092,0.088,0.086,0.086,0.086,0.086
,37:30:00,30,0.13,0.107,0.108,0.417,0.407,0.411,0.267,0.255,0.261,0.473,0.442,0.481,0.389,0.374,0.381,0.432,0.441,0.462,0.45,0.443,0.461,0.548,0.536,0.56,0.211,0.226,0.229,0.149,0.154,0.155,0.245,0.246,0.237,0.172,0.177,0.134,0.268,0.252,0.232,0.207,0.201,0.201,0.191,0.196,0.199,0.164,0.172,0.133,0.548,0.512,0.532,0.231,0.223,0.236,0.106,0.104,0.107,0.106,0.095,0.094,0.191,0.183,0.202,0.1,0.104,0.105,0.309,0.302,0.287,0.105,0.095,0.095,0.097,0.096,0.105,0.423,0.425,0.429,0.167,0.17,0.176,0.087,0.087,0.088,0.088,0.086,0.086,0.085,0.095,0.085,0.093,0.088,0.087,0.086,0.086,0.086
,38:00:00,30,0.136,0.107,0.108,0.419,0.411,0.422,0.266,0.253,0.261,0.474,0.443,0.482,0.39,0.373,0.38,0.434,0.442,0.463,0.454,0.448,0.461,0.551,0.537,0.562,0.21,0.226,0.229,0.149,0.154,0.155,0.246,0.246,0.238,0.171,0.177,0.134,0.268,0.254,0.233,0.208,0.202,0.202,0.192,0.197,0.2,0.164,0.172,0.132,0.548,0.501,0.532,0.231,0.223,0.235,0.106,0.104,0.107,0.106,0.095,0.094,0.197,0.183,0.202,0.1,0.104,0.105,0.309,0.302,0.287,0.105,0.095,0.094,0.097,0.096,0.105,0.423,0.426,0.43,0.167,0.17,0.176,0.087,0.087,0.088,0.088,0.085,0.086,0.085,0.095,0.085,0.093,0.088,0.087,0.086,0.086,0.086
,38:30:00,29.9,0.136,0.107,0.108,0.428,0.415,0.421,0.271,0.251,0.261,0.473,0.445,0.482,0.393,0.373,0.38,0.435,0.444,0.465,0.458,0.452,0.462,0.554,0.543,0.567,0.211,0.226,0.229,0.149,0.153,0.155,0.247,0.247,0.239,0.172,0.177,0.133,0.272,0.256,0.234,0.208,0.203,0.203,0.193,0.197,0.2,0.164,0.172,0.132,0.55,0.502,0.529,0.231,0.223,0.236,0.106,0.105,0.107,0.106,0.095,0.094,0.199,0.184,0.202,0.1,0.104,0.105,0.309,0.302,0.287,0.105,0.096,0.095,0.097,0.096,0.106,0.424,0.427,0.431,0.167,0.17,0.176,0.088,0.087,0.088,0.088,0.086,0.086,0.085,0.095,0.085,0.093,0.088,0.087,0.086,0.086,0.086
,39:00:00,30,0.133,0.107,0.108,0.431,0.417,0.435,0.269,0.254,0.26,0.472,0.444,0.482,0.392,0.372,0.38,0.436,0.446,0.467,0.459,0.454,0.461,0.559,0.543,0.57,0.211,0.225,0.229,0.148,0.153,0.154,0.247,0.247,0.239,0.172,0.177,0.133,0.273,0.256,0.234,0.209,0.203,0.203,0.194,0.198,0.201,0.164,0.172,0.131,0.548,0.507,0.529,0.231,0.223,0.235,0.106,0.104,0.107,0.106,0.095,0.094,0.195,0.184,0.202,0.1,0.104,0.105,0.308,0.301,0.286,0.105,0.095,0.094,0.097,0.096,0.106,0.425,0.428,0.431,0.167,0.17,0.175,0.087,0.086,0.088,0.088,0.085,0.086,0.085,0.095,0.085,0.093,0.088,0.086,0.086,0.086,0.086
,39:30:00,30,0.136,0.108,0.107,0.432,0.419,0.44,0.268,0.257,0.259,0.472,0.442,0.476,0.39,0.372,0.379,0.437,0.447,0.469,0.462,0.453,0.461,0.562,0.547,0.568,0.21,0.225,0.229,0.148,0.153,0.154,0.247,0.248,0.24,0.171,0.177,0.132,0.275,0.258,0.235,0.209,0.203,0.203,0.194,0.198,0.201,0.164,0.172,0.132,0.547,0.51,0.534,0.23,0.223,0.235,0.106,0.104,0.107,0.106,0.095,0.093,0.195,0.184,0.202,0.1,0.104,0.105,0.308,0.301,0.286,0.105,0.095,0.094,0.096,0.096,0.106,0.426,0.428,0.431,0.167,0.169,0.175,0.087,0.087,0.088,0.088,0.085,0.086,0.085,0.095,0.084,0.093,0.088,0.087,0.086,0.086,0.086
,40:00:00,30,0.138,0.107,0.106,0.435,0.43,0.445,0.264,0.248,0.256,0.473,0.444,0.484,0.393,0.371,0.379,0.438,0.448,0.471,0.466,0.453,0.461,0.566,0.551,0.565,0.211,0.225,0.229,0.148,0.153,0.154,0.248,0.248,0.24,0.171,0.176,0.132,0.279,0.259,0.236,0.21,0.204,0.204,0.195,0.198,0.201,0.164,0.172,0.131,0.548,0.503,0.539,0.23,0.223,0.236,0.106,0.104,0.107,0.106,0.095,0.094,0.191,0.186,0.202,0.1,0.104,0.105,0.307,0.301,0.286,0.105,0.095,0.094,0.097,0.096,0.107,0.427,0.43,0.432,0.167,0.169,0.175,0.087,0.087,0.088,0.088,0.086,0.086,0.085,0.095,0.085,0.092,0.088,0.087,0.086,0.086,0.086
,40:30:00,30,0.137,0.108,0.108,0.441,0.434,0.45,0.268,0.255,0.262,0.473,0.445,0.479,0.396,0.371,0.379,0.439,0.45,0.473,0.471,0.453,0.46,0.569,0.553,0.568,0.209,0.225,0.229,0.148,0.153,0.154,0.248,0.249,0.24,0.172,0.176,0.132,0.279,0.26,0.236,0.211,0.204,0.204,0.196,0.199,0.202,0.164,0.172,0.131,0.552,0.502,0.543,0.23,0.223,0.235,0.107,0.105,0.107,0.106,0.095,0.094,0.198,0.187,0.202,0.1,0.104,0.106,0.308,0.301,0.285,0.105,0.095,0.095,0.097,0.096,0.108,0.427,0.429,0.433,0.167,0.17,0.175,0.087,0.087,0.088,0.088,0.086,0.086,0.085,0.095,0.085,0.093,0.088,0.087,0.086,0.086,0.086
,41:00:00,30,0.132,0.107,0.107,0.446,0.435,0.449,0.267,0.249,0.261,0.476,0.446,0.488,0.395,0.37,0.378,0.439,0.451,0.474,0.469,0.453,0.46,0.571,0.556,0.574,0.21,0.225,0.228,0.148,0.153,0.154,0.249,0.249,0.241,0.171,0.176,0.131,0.28,0.261,0.237,0.211,0.205,0.205,0.196,0.199,0.203,0.164,0.171,0.13,0.553,0.506,0.528,0.23,0.223,0.235,0.107,0.104,0.107,0.106,0.095,0.093,0.194,0.185,0.201,0.1,0.104,0.105,0.307,0.3,0.285,0.105,0.095,0.095,0.096,0.096,0.108,0.428,0.43,0.434,0.167,0.17,0.175,0.087,0.087,0.088,0.088,0.086,0.086,0.085,0.095,0.085,0.093,0.088,0.086,0.086,0.086,0.086
,41:30:00,30,0.13,0.107,0.108,0.454,0.438,0.457,0.268,0.249,0.262,0.476,0.45,0.481,0.395,0.37,0.377,0.439,0.451,0.475,0.469,0.452,0.459,0.575,0.557,0.569,0.21,0.225,0.228,0.147,0.152,0.153,0.248,0.249,0.241,0.171,0.176,0.131,0.28,0.263,0.238,0.211,0.205,0.205,0.197,0.199,0.203,0.164,0.171,0.13,0.554,0.507,0.532,0.23,0.222,0.235,0.107,0.104,0.107,0.106,0.094,0.093,0.195,0.186,0.201,0.1,0.104,0.105,0.307,0.3,0.285,0.105,0.095,0.094,0.097,0.096,0.109,0.428,0.429,0.433,0.167,0.17,0.175,0.087,0.087,0.088,0.088,0.085,0.086,0.085,0.095,0.084,0.093,0.088,0.087,0.086,0.086,0.086
,42:00:00,30,0.135,0.108,0.108,0.459,0.446,0.46,0.269,0.248,0.265,0.477,0.444,0.483,0.395,0.369,0.377,0.44,0.451,0.477,0.47,0.452,0.459,0.577,0.562,0.578,0.208,0.224,0.228,0.148,0.152,0.153,0.248,0.25,0.242,0.171,0.176,0.131,0.285,0.264,0.239,0.211,0.206,0.206,0.197,0.199,0.203,0.164,0.171,0.13,0.551,0.512,0.532,0.23,0.223,0.235,0.106,0.104,0.107,0.106,0.094,0.094,0.195,0.185,0.202,0.1,0.104,0.106,0.306,0.3,0.284,0.105,0.095,0.094,0.096,0.096,0.11,0.428,0.43,0.434,0.167,0.17,0.175,0.087,0.087,0.088,0.088,0.086,0.086,0.085,0.095,0.085,0.093,0.088,0.086,0.086,0.086,0.086
,42:30:00,30,0.134,0.11,0.108,0.465,0.454,0.467,0.265,0.25,0.259,0.476,0.442,0.482,0.394,0.368,0.376,0.44,0.452,0.478,0.469,0.452,0.458,0.581,0.566,0.576,0.209,0.224,0.228,0.147,0.152,0.153,0.249,0.25,0.243,0.172,0.176,0.131,0.286,0.265,0.24,0.212,0.206,0.206,0.197,0.2,0.204,0.164,0.171,0.13,0.551,0.512,0.535,0.23,0.223,0.235,0.107,0.105,0.107,0.106,0.094,0.093,0.193,0.186,0.202,0.1,0.105,0.106,0.306,0.3,0.284,0.106,0.095,0.094,0.097,0.096,0.11,0.429,0.431,0.433,0.167,0.17,0.175,0.088,0.087,0.088,0.088,0.086,0.086,0.085,0.095,0.085,0.093,0.088,0.087,0.086,0.086,0.086
,43:00:00,30,0.13,0.11,0.107,0.466,0.452,0.472,0.268,0.254,0.261,0.482,0.445,0.483,0.389,0.367,0.376,0.441,0.454,0.48,0.469,0.451,0.457,0.583,0.57,0.572,0.21,0.224,0.228,0.147,0.152,0.153,0.25,0.251,0.245,0.172,0.176,0.13,0.289,0.266,0.241,0.212,0.207,0.207,0.198,0.2,0.204,0.164,0.171,0.13,0.552,0.508,0.535,0.23,0.222,0.235,0.107,0.104,0.108,0.106,0.094,0.093,0.193,0.185,0.202,0.1,0.104,0.106,0.306,0.3,0.284,0.106,0.095,0.094,0.097,0.096,0.109,0.43,0.431,0.435,0.167,0.17,0.175,0.087,0.087,0.088,0.088,0.086,0.086,0.085,0.095,0.084,0.093,0.088,0.087,0.086,0.086,0.086
,43:30:00,30,0.126,0.111,0.106,0.469,0.454,0.471,0.266,0.26,0.264,0.477,0.445,0.476,0.389,0.367,0.375,0.442,0.454,0.482,0.468,0.45,0.455,0.586,0.572,0.58,0.21,0.224,0.228,0.147,0.151,0.153,0.251,0.252,0.246,0.171,0.176,0.13,0.295,0.266,0.241,0.212,0.207,0.208,0.198,0.201,0.205,0.164,0.171,0.129,0.552,0.506,0.536,0.23,0.222,0.235,0.107,0.104,0.108,0.106,0.094,0.093,0.198,0.183,0.201,0.1,0.104,0.106,0.306,0.3,0.284,0.106,0.095,0.094,0.096,0.096,0.108,0.43,0.431,0.435,0.166,0.17,0.175,0.087,0.087,0.088,0.088,0.086,0.086,0.085,0.094,0.085,0.093,0.088,0.087,0.086,0.086,0.086
,44:00:00,30,0.129,0.111,0.106,0.472,0.463,0.479,0.261,0.261,0.26,0.481,0.447,0.483,0.391,0.366,0.374,0.443,0.455,0.483,0.468,0.449,0.453,0.588,0.572,0.582,0.209,0.224,0.227,0.147,0.151,0.153,0.251,0.252,0.247,0.171,0.176,0.13,0.299,0.269,0.242,0.212,0.208,0.208,0.198,0.201,0.205,0.164,0.171,0.129,0.553,0.506,0.531,0.23,0.222,0.235,0.107,0.104,0.108,0.106,0.094,0.093,0.199,0.183,0.201,0.1,0.104,0.105,0.306,0.299,0.283,0.105,0.095,0.094,0.096,0.096,0.108,0.43,0.431,0.435,0.167,0.17,0.175,0.087,0.087,0.088,0.088,0.086,0.086,0.085,0.094,0.084,0.093,0.088,0.086,0.086,0.086,0.086
,44:30:00,30,0.13,0.111,0.106,0.481,0.469,0.491,0.266,0.248,0.252,0.48,0.447,0.481,0.394,0.364,0.374,0.444,0.456,0.485,0.467,0.448,0.452,0.589,0.575,0.582,0.207,0.224,0.227,0.147,0.151,0.153,0.252,0.253,0.248,0.171,0.175,0.13,0.297,0.27,0.243,0.213,0.208,0.209,0.199,0.201,0.205,0.164,0.171,0.128,0.554,0.506,0.535,0.23,0.222,0.235,0.107,0.105,0.108,0.106,0.094,0.093,0.196,0.184,0.201,0.1,0.104,0.106,0.306,0.299,0.283,0.106,0.095,0.094,0.096,0.096,0.107,0.431,0.432,0.436,0.166,0.17,0.175,0.087,0.087,0.088,0.088,0.086,0.086,0.085,0.094,0.085,0.093,0.088,0.086,0.086,0.086,0.086
,45:00:00,30,0.134,0.112,0.106,0.484,0.474,0.495,0.268,0.244,0.26,0.478,0.45,0.484,0.39,0.363,0.373,0.444,0.457,0.486,0.466,0.446,0.45,0.592,0.579,0.584,0.209,0.223,0.227,0.147,0.151,0.152,0.252,0.253,0.249,0.171,0.175,0.13,0.306,0.272,0.243,0.213,0.209,0.209,0.199,0.202,0.206,0.164,0.171,0.128,0.556,0.505,0.532,0.229,0.222,0.235,0.107,0.105,0.108,0.106,0.094,0.093,0.192,0.184,0.201,0.1,0.105,0.106,0.305,0.299,0.283,0.105,0.094,0.094,0.096,0.095,0.107,0.431,0.431,0.436,0.166,0.17,0.175,0.087,0.087,0.088,0.088,0.085,0.086,0.085,0.094,0.084,0.093,0.088,0.086,0.086,0.086,0.086
,45:30:00,30,0.139,0.11,0.106,0.491,0.475,0.493,0.269,0.253,0.26,0.481,0.446,0.487,0.394,0.362,0.372,0.445,0.457,0.488,0.465,0.444,0.449,0.595,0.58,0.583,0.209,0.223,0.227,0.146,0.151,0.152,0.253,0.254,0.25,0.171,0.175,0.129,0.308,0.275,0.244,0.213,0.209,0.209,0.199,0.202,0.206,0.164,0.171,0.128,0.557,0.502,0.53,0.229,0.222,0.234,0.107,0.105,0.108,0.106,0.094,0.093,0.199,0.185,0.201,0.1,0.105,0.106,0.305,0.298,0.282,0.105,0.094,0.094,0.096,0.095,0.106,0.431,0.432,0.437,0.166,0.169,0.175,0.087,0.086,0.088,0.088,0.086,0.086,0.085,0.094,0.085,0.093,0.088,0.087,0.086,0.086,0.086
,46:00:00,30,0.135,0.111,0.106,0.498,0.48,0.493,0.268,0.255,0.261,0.484,0.446,0.486,0.389,0.361,0.372,0.446,0.458,0.49,0.465,0.443,0.448,0.597,0.582,0.585,0.208,0.223,0.227,0.146,0.151,0.152,0.254,0.254,0.249,0.172,0.175,0.129,0.306,0.276,0.246,0.213,0.209,0.21,0.2,0.202,0.207,0.164,0.171,0.128,0.555,0.501,0.528,0.229,0.222,0.234,0.107,0.105,0.108,0.106,0.094,0.093,0.198,0.186,0.201,0.1,0.105,0.106,0.305,0.298,0.282,0.106,0.094,0.094,0.096,0.095,0.106,0.432,0.432,0.437,0.167,0.169,0.175,0.087,0.087,0.088,0.088,0.086,0.086,0.085,0.094,0.085,0.093,0.088,0.087,0.086,0.086,0.086
,46:30:00,30,0.131,0.11,0.106,0.505,0.494,0.493,0.269,0.256,0.263,0.481,0.45,0.485,0.393,0.361,0.371,0.446,0.459,0.491,0.464,0.441,0.447,0.6,0.583,0.586,0.206,0.223,0.227,0.146,0.151,0.152,0.255,0.254,0.25,0.171,0.174,0.129,0.306,0.276,0.248,0.214,0.21,0.211,0.2,0.203,0.207,0.164,0.17,0.127,0.557,0.502,0.529,0.229,0.222,0.234,0.107,0.105,0.108,0.106,0.094,0.093,0.193,0.187,0.201,0.1,0.105,0.106,0.304,0.298,0.282,0.106,0.094,0.094,0.096,0.095,0.105,0.432,0.433,0.438,0.166,0.17,0.175,0.087,0.087,0.088,0.088,0.085,0.086,0.085,0.094,0.085,0.093,0.088,0.087,0.086,0.086,0.086
,47:00:00,30,0.133,0.11,0.106,0.507,0.498,0.497,0.27,0.258,0.259,0.481,0.453,0.494,0.39,0.355,0.37,0.447,0.46,0.493,0.463,0.439,0.446,0.601,0.587,0.588,0.207,0.223,0.227,0.146,0.151,0.152,0.255,0.254,0.251,0.171,0.174,0.129,0.31,0.276,0.25,0.215,0.21,0.211,0.2,0.203,0.207,0.164,0.171,0.127,0.556,0.504,0.524,0.229,0.222,0.234,0.107,0.105,0.108,0.106,0.094,0.093,0.191,0.187,0.201,0.1,0.105,0.106,0.304,0.298,0.281,0.106,0.094,0.094,0.096,0.095,0.105,0.433,0.433,0.438,0.166,0.169,0.175,0.087,0.087,0.088,0.088,0.086,0.086,0.085,0.094,0.085,0.093,0.088,0.086,0.086,0.086,0.086
,47:30:00,30,0.137,0.11,0.105,0.517,0.493,0.495,0.266,0.255,0.264,0.483,0.451,0.486,0.393,0.358,0.37,0.447,0.46,0.495,0.462,0.438,0.446,0.602,0.589,0.59,0.208,0.223,0.227,0.146,0.151,0.152,0.256,0.254,0.251,0.172,0.174,0.128,0.32,0.273,0.252,0.216,0.212,0.212,0.201,0.203,0.207,0.164,0.17,0.127,0.558,0.501,0.526,0.229,0.222,0.234,0.107,0.105,0.109,0.106,0.094,0.093,0.202,0.187,0.201,0.1,0.105,0.106,0.304,0.298,0.281,0.106,0.095,0.094,0.096,0.095,0.105,0.434,0.434,0.439,0.167,0.17,0.175,0.087,0.087,0.088,0.088,0.086,0.086,0.085,0.094,0.085,0.093,0.088,0.087,0.086,0.086,0.086
,48:00:00,30,0.138,0.109,0.105,0.509,0.489,0.497,0.271,0.255,0.264,0.483,0.451,0.486,0.396,0.357,0.369,0.447,0.461,0.497,0.46,0.437,0.445,0.603,0.593,0.588,0.207,0.222,0.227,0.146,0.15,0.152,0.255,0.254,0.251,0.172,0.174,0.128,0.316,0.273,0.253,0.216,0.212,0.213,0.201,0.203,0.207,0.164,0.17,0.127,0.555,0.501,0.523,0.229,0.221,0.234,0.107,0.105,0.108,0.106,0.094,0.093,0.195,0.186,0.201,0.1,0.105,0.106,0.304,0.297,0.281,0.106,0.094,0.094,0.096,0.095,0.104,0.435,0.435,0.44,0.166,0.169,0.175,0.087,0.087,0.088,0.088,0.086,0.086,0.085,0.094,0.084,0.093,0.088,0.087,0.086,0.086,0.086
,48:30:00,30,0.145,0.11,0.105,0.51,0.476,0.498,0.274,0.251,0.261,0.48,0.454,0.478,0.391,0.355,0.368,0.448,0.461,0.499,0.459,0.436,0.444,0.605,0.594,0.594,0.207,0.222,0.227,0.146,0.15,0.152,0.256,0.255,0.252,0.172,0.174,0.128,0.316,0.275,0.255,0.217,0.212,0.213,0.202,0.204,0.208,0.164,0.17,0.127,0.556,0.503,0.527,0.229,0.222,0.234,0.107,0.105,0.109,0.106,0.094,0.093,0.199,0.184,0.201,0.1,0.105,0.106,0.303,0.297,0.28,0.106,0.094,0.094,0.096,0.095,0.103,0.435,0.436,0.44,0.166,0.17,0.175,0.087,0.087,0.088,0.088,0.086,0.086,0.085,0.094,0.085,0.093,0.088,0.087,0.086,0.086,0.086
,49:00:00,30,0.144,0.109,0.105,0.509,0.494,0.498,0.271,0.253,0.264,0.485,0.45,0.482,0.391,0.354,0.367,0.449,0.462,0.5,0.457,0.435,0.443,0.607,0.596,0.59,0.206,0.222,0.226,0.146,0.15,0.152,0.256,0.255,0.251,0.171,0.173,0.128,0.317,0.277,0.256,0.216,0.213,0.213,0.202,0.204,0.208,0.164,0.17,0.126,0.557,0.501,0.521,0.229,0.221,0.234,0.107,0.105,0.108,0.106,0.094,0.093,0.195,0.183,0.201,0.1,0.105,0.106,0.303,0.296,0.28,0.106,0.094,0.094,0.096,0.094,0.103,0.436,0.436,0.44,0.166,0.169,0.175,0.087,0.087,0.088,0.088,0.085,0.086,0.085,0.094,0.084,0.093,0.088,0.086,0.086,0.086,0.086
,49:30:00,30,0.138,0.109,0.105,0.511,0.486,0.498,0.274,0.249,0.262,0.484,0.45,0.486,0.389,0.353,0.367,0.449,0.462,0.502,0.456,0.435,0.443,0.609,0.598,0.592,0.208,0.222,0.226,0.146,0.15,0.152,0.256,0.255,0.252,0.171,0.173,0.128,0.316,0.278,0.259,0.217,0.213,0.214,0.202,0.204,0.208,0.164,0.169,0.126,0.561,0.498,0.523,0.229,0.221,0.234,0.107,0.105,0.108,0.106,0.094,0.093,0.199,0.182,0.201,0.1,0.105,0.106,0.303,0.296,0.28,0.106,0.094,0.094,0.096,0.095,0.102,0.437,0.437,0.439,0.166,0.169,0.175,0.087,0.087,0.088,0.088,0.086,0.086,0.085,0.094,0.085,0.093,0.088,0.087,0.086,0.086,0.086
,50:00:00,30,0.136,0.108,0.105,0.506,0.485,0.494,0.273,0.235,0.247,0.482,0.449,0.491,0.391,0.352,0.366,0.45,0.463,0.504,0.454,0.434,0.443,0.611,0.598,0.591,0.206,0.222,0.227,0.146,0.15,0.151,0.256,0.255,0.252,0.171,0.173,0.128,0.321,0.282,0.261,0.217,0.214,0.215,0.203,0.204,0.208,0.164,0.169,0.126,0.561,0.499,0.52,0.229,0.221,0.234,0.107,0.105,0.108,0.106,0.094,0.093,0.199,0.182,0.201,0.1,0.105,0.106,0.303,0.296,0.279,0.106,0.094,0.094,0.096,0.094,0.102,0.438,0.437,0.438,0.166,0.169,0.175,0.087,0.087,0.088,0.088,0.086,0.086,0.085,0.094,0.085,0.093,0.088,0.087,0.086,0.086,0.086
,50:30:00,30,0.132,0.108,0.105,0.507,0.492,0.492,0.264,0.235,0.25,0.484,0.448,0.491,0.387,0.352,0.365,0.45,0.463,0.506,0.453,0.434,0.442,0.613,0.599,0.596,0.206,0.221,0.226,0.145,0.15,0.151,0.256,0.255,0.252,0.171,0.172,0.127,0.325,0.28,0.262,0.217,0.214,0.215,0.203,0.205,0.208,0.165,0.169,0.126,0.561,0.495,0.524,0.228,0.221,0.234,0.107,0.105,0.108,0.106,0.094,0.093,0.197,0.182,0.201,0.1,0.105,0.106,0.303,0.296,0.279,0.106,0.094,0.094,0.096,0.094,0.102,0.439,0.437,0.437,0.166,0.169,0.175,0.087,0.087,0.088,0.088,0.086,0.086,0.085,0.094,0.085,0.093,0.088,0.087,0.086,0.086,0.086
,51:00:00,30,0.141,0.108,0.105,0.506,0.485,0.497,0.265,0.245,0.256,0.485,0.45,0.491,0.39,0.351,0.365,0.451,0.464,0.508,0.452,0.433,0.441,0.615,0.602,0.596,0.206,0.221,0.227,0.145,0.15,0.151,0.256,0.255,0.252,0.171,0.172,0.127,0.322,0.283,0.264,0.218,0.215,0.216,0.203,0.205,0.208,0.164,0.169,0.126,0.557,0.492,0.518,0.229,0.221,0.234,0.107,0.105,0.108,0.106,0.093,0.093,0.2,0.182,0.201,0.1,0.105,0.106,0.302,0.295,0.279,0.106,0.094,0.094,0.096,0.094,0.101,0.44,0.437,0.434,0.166,0.169,0.175,0.087,0.087,0.088,0.088,0.086,0.086,0.085,0.094,0.085,0.093,0.088,0.087,0.086,0.086,0.086
,51:30:00,30,0.148,0.109,0.105,0.505,0.488,0.494,0.269,0.244,0.255,0.483,0.45,0.491,0.386,0.351,0.364,0.45,0.464,0.51,0.451,0.432,0.441,0.617,0.603,0.592,0.205,0.221,0.227,0.145,0.15,0.151,0.257,0.255,0.252,0.172,0.172,0.127,0.322,0.284,0.266,0.219,0.215,0.217,0.203,0.205,0.209,0.164,0.169,0.126,0.565,0.495,0.517,0.229,0.221,0.234,0.107,0.105,0.108,0.106,0.094,0.093,0.197,0.184,0.201,0.1,0.105,0.106,0.302,0.295,0.278,0.106,0.094,0.094,0.096,0.094,0.101,0.44,0.437,0.431,0.166,0.17,0.175,0.088,0.087,0.088,0.088,0.086,0.086,0.085,0.094,0.085,0.093,0.088,0.087,0.086,0.086,0.086
,52:00:00,30,0.139,0.11,0.105,0.507,0.488,0.493,0.27,0.251,0.255,0.478,0.45,0.483,0.39,0.35,0.363,0.449,0.465,0.511,0.45,0.432,0.44,0.619,0.605,0.595,0.205,0.221,0.226,0.145,0.15,0.151,0.256,0.256,0.252,0.172,0.172,0.126,0.319,0.288,0.267,0.22,0.216,0.217,0.203,0.205,0.208,0.164,0.168,0.125,0.564,0.495,0.516,0.228,0.221,0.234,0.107,0.105,0.108,0.106,0.093,0.093,0.192,0.185,0.2,0.1,0.105,0.106,0.302,0.295,0.278,0.106,0.094,0.093,0.096,0.094,0.101,0.44,0.435,0.426,0.166,0.17,0.175,0.087,0.087,0.088,0.088,0.085,0.086,0.084,0.094,0.084,0.093,0.088,0.086,0.086,0.086,0.086
,52:30:00,30,0.136,0.108,0.105,0.513,0.488,0.495,0.272,0.259,0.264,0.483,0.454,0.486,0.393,0.349,0.363,0.451,0.465,0.514,0.45,0.431,0.439,0.621,0.606,0.596,0.206,0.221,0.227,0.145,0.15,0.151,0.256,0.256,0.253,0.172,0.171,0.126,0.326,0.289,0.269,0.22,0.216,0.218,0.204,0.205,0.209,0.164,0.168,0.125,0.568,0.493,0.513,0.228,0.221,0.234,0.107,0.105,0.108,0.106,0.093,0.093,0.195,0.186,0.201,0.101,0.105,0.106,0.301,0.295,0.278,0.106,0.094,0.094,0.096,0.094,0.1,0.44,0.433,0.419,0.166,0.169,0.175,0.087,0.086,0.088,0.088,0.085,0.086,0.085,0.094,0.085,0.093,0.088,0.087,0.086,0.086,0.086
,53:00:00,30,0.137,0.108,0.105,0.506,0.486,0.5,0.262,0.254,0.261,0.481,0.454,0.486,0.394,0.349,0.362,0.452,0.466,0.516,0.449,0.43,0.438,0.622,0.607,0.598,0.206,0.22,0.226,0.144,0.149,0.151,0.256,0.255,0.253,0.172,0.171,0.126,0.325,0.293,0.271,0.221,0.217,0.218,0.204,0.205,0.209,0.165,0.168,0.125,0.567,0.491,0.518,0.228,0.221,0.234,0.107,0.105,0.108,0.106,0.093,0.093,0.197,0.187,0.2,0.101,0.105,0.106,0.301,0.294,0.277,0.106,0.094,0.094,0.096,0.094,0.1,0.439,0.43,0.411,0.167,0.169,0.174,0.087,0.087,0.088,0.088,0.085,0.086,0.085,0.094,0.085,0.093,0.088,0.086,0.086,0.086,0.086
,53:30:00,30,0.14,0.109,0.106,0.51,0.481,0.502,0.26,0.25,0.259,0.479,0.449,0.493,0.391,0.349,0.362,0.451,0.466,0.518,0.448,0.43,0.437,0.622,0.608,0.596,0.206,0.22,0.227,0.145,0.149,0.151,0.256,0.256,0.253,0.172,0.171,0.125,0.324,0.293,0.272,0.221,0.218,0.219,0.204,0.206,0.21,0.165,0.168,0.125,0.568,0.492,0.514,0.228,0.221,0.234,0.107,0.105,0.108,0.106,0.093,0.093,0.198,0.187,0.2,0.101,0.105,0.106,0.301,0.294,0.277,0.106,0.094,0.093,0.096,0.094,0.1,0.438,0.424,0.403,0.167,0.169,0.174,0.087,0.087,0.088,0.088,0.085,0.086,0.084,0.094,0.085,0.093,0.088,0.086,0.086,0.086,0.086
,54:00:00,30,0.135,0.107,0.105,0.514,0.489,0.498,0.272,0.254,0.259,0.482,0.449,0.49,0.393,0.349,0.36,0.452,0.467,0.52,0.448,0.429,0.437,0.623,0.609,0.597,0.205,0.22,0.227,0.144,0.15,0.151,0.256,0.255,0.253,0.172,0.17,0.125,0.321,0.293,0.274,0.222,0.218,0.22,0.205,0.206,0.21,0.165,0.168,0.125,0.566,0.489,0.517,0.228,0.221,0.233,0.107,0.106,0.108,0.106,0.093,0.092,0.192,0.189,0.2,0.101,0.106,0.106,0.301,0.294,0.277,0.106,0.094,0.094,0.096,0.094,0.1,0.436,0.417,0.401,0.167,0.169,0.175,0.087,0.087,0.088,0.088,0.086,0.086,0.085,0.094,0.085,0.093,0.088,0.087,0.086,0.086,0.086
,54:30:00,30,0.13,0.107,0.105,0.515,0.482,0.497,0.269,0.262,0.259,0.478,0.459,0.485,0.39,0.349,0.36,0.453,0.467,0.522,0.447,0.429,0.436,0.624,0.61,0.6,0.204,0.22,0.227,0.144,0.15,0.151,0.256,0.255,0.254,0.172,0.17,0.125,0.32,0.293,0.276,0.222,0.219,0.221,0.204,0.206,0.21,0.165,0.167,0.125,0.574,0.487,0.515,0.228,0.221,0.233,0.108,0.106,0.108,0.106,0.093,0.092,0.196,0.188,0.2,0.101,0.106,0.106,0.301,0.294,0.276,0.106,0.094,0.094,0.096,0.094,0.1,0.433,0.409,0.403,0.167,0.169,0.175,0.087,0.087,0.088,0.088,0.086,0.086,0.085,0.094,0.085,0.093,0.088,0.087,0.086,0.086,0.086
,55:00:00,30,0.133,0.108,0.105,0.507,0.482,0.5,0.267,0.256,0.262,0.481,0.449,0.49,0.39,0.348,0.358,0.453,0.468,0.524,0.446,0.428,0.435,0.625,0.61,0.596,0.207,0.22,0.227,0.144,0.15,0.151,0.256,0.255,0.254,0.172,0.169,0.125,0.324,0.293,0.277,0.222,0.219,0.221,0.204,0.207,0.21,0.165,0.167,0.125,0.574,0.486,0.514,0.228,0.221,0.233,0.107,0.105,0.108,0.106,0.093,0.092,0.2,0.187,0.2,0.101,0.106,0.106,0.3,0.293,0.276,0.106,0.094,0.094,0.096,0.093,0.1,0.429,0.403,0.404,0.167,0.169,0.174,0.087,0.087,0.088,0.088,0.086,0.086,0.085,0.094,0.085,0.093,0.088,0.087,0.086,0.086,0.086
,55:30:00,30,0.132,0.106,0.105,0.51,0.487,0.497,0.265,0.258,0.267,0.478,0.451,0.486,0.391,0.35,0.358,0.452,0.469,0.526,0.446,0.427,0.435,0.625,0.612,0.603,0.207,0.219,0.226,0.144,0.149,0.15,0.256,0.255,0.254,0.172,0.169,0.125,0.321,0.293,0.278,0.222,0.219,0.222,0.205,0.207,0.21,0.165,0.167,0.124,0.576,0.488,0.515,0.228,0.221,0.233,0.108,0.105,0.108,0.106,0.093,0.092,0.198,0.186,0.2,0.101,0.106,0.106,0.3,0.293,0.276,0.106,0.093,0.093,0.096,0.094,0.1,0.422,0.402,0.404,0.167,0.169,0.174,0.087,0.086,0.088,0.088,0.085,0.086,0.084,0.094,0.085,0.093,0.088,0.086,0.086,0.086,0.086
,56:00:00,30,0.129,0.107,0.104,0.513,0.488,0.497,0.26,0.26,0.265,0.479,0.443,0.483,0.388,0.351,0.358,0.453,0.467,0.528,0.445,0.426,0.434,0.626,0.612,0.602,0.206,0.219,0.226,0.143,0.149,0.15,0.255,0.255,0.254,0.172,0.168,0.124,0.322,0.293,0.28,0.223,0.22,0.223,0.205,0.207,0.21,0.165,0.167,0.124,0.574,0.49,0.511,0.228,0.22,0.233,0.108,0.106,0.108,0.106,0.093,0.092,0.201,0.184,0.2,0.101,0.106,0.106,0.3,0.293,0.275,0.106,0.093,0.093,0.096,0.093,0.1,0.414,0.404,0.405,0.167,0.169,0.174,0.087,0.087,0.088,0.088,0.085,0.086,0.085,0.094,0.085,0.093,0.088,0.086,0.086,0.086,0.086
,56:30:00,30,0.133,0.106,0.104,0.51,0.489,0.501,0.264,0.261,0.264,0.478,0.45,0.479,0.39,0.35,0.358,0.453,0.467,0.53,0.444,0.426,0.433,0.627,0.612,0.599,0.206,0.219,0.226,0.143,0.149,0.15,0.255,0.255,0.254,0.173,0.167,0.124,0.322,0.293,0.282,0.225,0.22,0.223,0.205,0.207,0.21,0.165,0.167,0.125,0.58,0.484,0.511,0.228,0.221,0.233,0.108,0.106,0.108,0.106,0.093,0.092,0.197,0.183,0.2,0.101,0.106,0.106,0.299,0.292,0.275,0.106,0.094,0.093,0.096,0.093,0.099,0.406,0.405,0.405,0.167,0.169,0.175,0.088,0.087,0.088,0.088,0.086,0.086,0.085,0.094,0.085,0.093,0.088,0.087,0.086,0.086,0.086
,57:00:00,30,0.129,0.107,0.104,0.516,0.488,0.501,0.267,0.262,0.253,0.48,0.455,0.491,0.389,0.349,0.358,0.454,0.469,0.532,0.443,0.425,0.432,0.628,0.614,0.6,0.206,0.219,0.226,0.143,0.15,0.15,0.255,0.254,0.254,0.173,0.167,0.124,0.321,0.294,0.283,0.225,0.221,0.224,0.205,0.207,0.21,0.165,0.166,0.124,0.578,0.482,0.511,0.228,0.221,0.233,0.108,0.106,0.108,0.106,0.093,0.092,0.2,0.183,0.2,0.101,0.106,0.106,0.299,0.292,0.275,0.106,0.094,0.094,0.096,0.093,0.099,0.404,0.406,0.405,0.167,0.169,0.174,0.087,0.087,0.088,0.088,0.086,0.086,0.085,0.094,0.085,0.093,0.088,0.087,0.086,0.086,0.086
,57:30:00,29.9,0.132,0.106,0.105,0.508,0.487,0.5,0.273,0.258,0.259,0.478,0.449,0.484,0.389,0.351,0.358,0.451,0.472,0.534,0.443,0.425,0.432,0.629,0.615,0.597,0.205,0.219,0.226,0.142,0.149,0.15,0.254,0.254,0.253,0.173,0.167,0.124,0.319,0.295,0.283,0.226,0.221,0.224,0.205,0.207,0.21,0.165,0.166,0.124,0.576,0.483,0.513,0.228,0.22,0.233,0.108,0.106,0.108,0.106,0.093,0.092,0.196,0.183,0.2,0.101,0.106,0.107,0.299,0.292,0.274,0.106,0.093,0.093,0.096,0.093,0.099,0.407,0.406,0.406,0.167,0.169,0.174,0.087,0.087,0.088,0.088,0.085,0.086,0.085,0.094,0.085,0.093,0.088,0.087,0.086,0.086,0.086
,58:00:00,30,0.129,0.106,0.105,0.51,0.49,0.505,0.272,0.252,0.261,0.477,0.454,0.48,0.387,0.352,0.358,0.453,0.471,0.536,0.442,0.424,0.432,0.629,0.615,0.602,0.205,0.219,0.225,0.142,0.149,0.15,0.254,0.253,0.253,0.173,0.166,0.124,0.317,0.297,0.285,0.226,0.222,0.225,0.205,0.208,0.21,0.165,0.166,0.124,0.58,0.484,0.508,0.228,0.22,0.233,0.108,0.106,0.108,0.106,0.093,0.092,0.2,0.183,0.199,0.101,0.106,0.107,0.299,0.292,0.274,0.106,0.093,0.093,0.096,0.093,0.099,0.408,0.406,0.406,0.166,0.169,0.174,0.087,0.087,0.088,0.088,0.086,0.086,0.085,0.094,0.085,0.093,0.088,0.086,0.086,0.086,0.086
,58:30:00,30,0.129,0.107,0.105,0.51,0.484,0.501,0.273,0.255,0.258,0.478,0.449,0.485,0.386,0.352,0.356,0.455,0.471,0.538,0.442,0.423,0.43,0.631,0.616,0.6,0.205,0.219,0.225,0.142,0.149,0.15,0.254,0.253,0.253,0.173,0.166,0.123,0.316,0.299,0.287,0.227,0.223,0.225,0.205,0.208,0.21,0.165,0.166,0.124,0.581,0.483,0.51,0.228,0.22,0.233,0.108,0.106,0.108,0.106,0.093,0.092,0.199,0.182,0.199,0.101,0.106,0.107,0.298,0.291,0.274,0.106,0.093,0.093,0.096,0.093,0.099,0.408,0.406,0.406,0.167,0.169,0.174,0.087,0.087,0.088,0.088,0.086,0.086,0.085,0.094,0.085,0.093,0.088,0.087,0.086,0.086,0.086
,59:00:00,30,0.139,0.106,0.104,0.508,0.483,0.5,0.269,0.259,0.256,0.478,0.449,0.478,0.389,0.353,0.358,0.456,0.472,0.541,0.441,0.423,0.43,0.632,0.617,0.599,0.204,0.218,0.225,0.142,0.149,0.15,0.253,0.253,0.252,0.173,0.166,0.123,0.313,0.298,0.289,0.227,0.223,0.226,0.205,0.208,0.21,0.165,0.165,0.124,0.582,0.485,0.51,0.228,0.22,0.233,0.108,0.106,0.108,0.106,0.093,0.092,0.204,0.181,0.199,0.101,0.106,0.107,0.298,0.291,0.273,0.106,0.094,0.093,0.096,0.093,0.099,0.408,0.406,0.406,0.167,0.169,0.174,0.087,0.087,0.088,0.088,0.086,0.086,0.085,0.094,0.085,0.093,0.088,0.087,0.086,0.086,0.086
,59:30:00,30,0.134,0.108,0.103,0.512,0.485,0.503,0.272,0.257,0.259,0.477,0.45,0.481,0.39,0.352,0.356,0.456,0.473,0.542,0.44,0.422,0.428,0.634,0.617,0.598,0.204,0.218,0.225,0.142,0.149,0.15,0.252,0.252,0.252,0.173,0.165,0.123,0.313,0.297,0.29,0.228,0.224,0.227,0.205,0.208,0.21,0.165,0.165,0.124,0.583,0.479,0.509,0.227,0.22,0.233,0.108,0.106,0.108,0.106,0.093,0.092,0.197,0.181,0.199,0.101,0.106,0.107,0.298,0.29,0.273,0.106,0.093,0.093,0.095,0.093,0.099,0.408,0.406,0.406,0.167,0.169,0.174,0.087,0.086,0.088,0.088,0.085,0.086,0.085,0.094,0.085,0.093,0.088,0.086,0.086,0.086,0.086
,60:00:00,30,0.133,0.106,0.103,0.509,0.485,0.504,0.266,0.257,0.253,0.48,0.45,0.482,0.388,0.351,0.354,0.455,0.472,0.544,0.439,0.421,0.428,0.634,0.617,0.6,0.203,0.218,0.225,0.142,0.149,0.149,0.251,0.251,0.251,0.174,0.165,0.123,0.312,0.295,0.291,0.229,0.224,0.227,0.205,0.208,0.21,0.165,0.165,0.123,0.581,0.483,0.509,0.227,0.22,0.233,0.108,0.106,0.108,0.106,0.093,0.092,0.2,0.181,0.198,0.101,0.106,0.107,0.297,0.29,0.272,0.106,0.093,0.093,0.095,0.093,0.099,0.408,0.406,0.405,0.167,0.169,0.174,0.087,0.087,0.087,0.088,0.085,0.086,0.085,0.094,0.085,0.093,0.088,0.086,0.086,0.086,0.086
,60:30:00,30,0.131,0.106,0.103,0.517,0.484,0.501,0.27,0.259,0.255,0.48,0.448,0.484,0.389,0.35,0.355,0.46,0.473,0.546,0.438,0.421,0.429,0.634,0.618,0.595,0.202,0.218,0.225,0.142,0.149,0.149,0.251,0.251,0.251,0.174,0.165,0.123,0.312,0.294,0.292,0.229,0.225,0.228,0.206,0.208,0.211,0.165,0.165,0.124,0.586,0.479,0.508,0.228,0.22,0.233,0.108,0.106,0.108,0.106,0.093,0.092,0.2,0.181,0.199,0.101,0.106,0.107,0.297,0.29,0.272,0.106,0.093,0.093,0.096,0.093,0.099,0.408,0.406,0.406,0.167,0.169,0.174,0.087,0.087,0.088,0.088,0.086,0.086,0.085,0.094,0.085,0.093,0.088,0.087,0.086,0.086,0.086
,61:00:00,30,0.135,0.107,0.103,0.511,0.489,0.499,0.276,0.262,0.258,0.479,0.447,0.488,0.389,0.35,0.353,0.457,0.473,0.548,0.437,0.419,0.428,0.635,0.618,0.596,0.205,0.218,0.225,0.142,0.149,0.149,0.25,0.25,0.251,0.175,0.165,0.122,0.313,0.292,0.294,0.23,0.226,0.229,0.206,0.209,0.211,0.165,0.165,0.123,0.586,0.48,0.507,0.227,0.22,0.233,0.108,0.106,0.108,0.106,0.093,0.092,0.199,0.184,0.199,0.101,0.106,0.107,0.297,0.29,0.272,0.106,0.093,0.093,0.096,0.093,0.098,0.408,0.406,0.406,0.167,0.169,0.174,0.088,0.087,0.088,0.088,0.086,0.086,0.085,0.094,0.085,0.093,0.089,0.087,0.086,0.086,0.086
,61:30:00,30,0.139,0.105,0.102,0.513,0.484,0.503,0.27,0.259,0.264,0.477,0.444,0.48,0.387,0.35,0.352,0.455,0.473,0.549,0.436,0.417,0.425,0.636,0.619,0.598,0.203,0.217,0.225,0.142,0.149,0.149,0.249,0.25,0.25,0.175,0.164,0.122,0.314,0.291,0.295,0.231,0.227,0.229,0.206,0.208,0.211,0.165,0.164,0.123,0.584,0.482,0.51,0.227,0.22,0.233,0.108,0.106,0.108,0.106,0.093,0.092,0.2,0.183,0.199,0.101,0.106,0.107,0.297,0.289,0.272,0.106,0.093,0.093,0.097,0.093,0.099,0.408,0.406,0.406,0.167,0.169,0.174,0.087,0.087,0.088,0.088,0.086,0.086,0.085,0.094,0.085,0.093,0.088,0.086,0.086,0.086,0.086
,62:00:00,30,0.142,0.106,0.102,0.505,0.487,0.499,0.271,0.266,0.26,0.478,0.445,0.475,0.387,0.349,0.352,0.455,0.476,0.551,0.435,0.416,0.425,0.636,0.62,0.594,0.204,0.217,0.224,0.141,0.149,0.148,0.248,0.249,0.249,0.175,0.164,0.122,0.312,0.29,0.296,0.232,0.227,0.23,0.206,0.209,0.211,0.165,0.163,0.123,0.589,0.484,0.512,0.227,0.22,0.233,0.108,0.106,0.108,0.106,0.093,0.092,0.203,0.183,0.199,0.101,0.106,0.107,0.296,0.289,0.271,0.106,0.093,0.093,0.096,0.093,0.098,0.408,0.407,0.406,0.167,0.169,0.174,0.087,0.087,0.088,0.088,0.085,0.086,0.085,0.094,0.085,0.093,0.088,0.087,0.086,0.086,0.086
,62:30:00,30,0.14,0.105,0.103,0.51,0.487,0.5,0.268,0.26,0.267,0.476,0.446,0.478,0.385,0.349,0.353,0.459,0.478,0.553,0.434,0.417,0.425,0.636,0.619,0.597,0.202,0.217,0.224,0.141,0.149,0.148,0.246,0.248,0.249,0.176,0.163,0.122,0.312,0.289,0.297,0.233,0.227,0.23,0.206,0.209,0.211,0.165,0.162,0.123,0.585,0.48,0.513,0.227,0.22,0.233,0.108,0.106,0.108,0.106,0.093,0.092,0.201,0.183,0.198,0.101,0.106,0.107,0.296,0.288,0.271,0.106,0.093,0.093,0.096,0.093,0.098,0.408,0.407,0.407,0.167,0.169,0.174,0.087,0.087,0.088,0.088,0.085,0.086,0.085,0.094,0.085,0.093,0.088,0.086,0.086,0.086,0.086
,63:00:00,30,0.143,0.104,0.102,0.511,0.483,0.503,0.27,0.264,0.26,0.477,0.445,0.475,0.386,0.349,0.352,0.465,0.479,0.555,0.434,0.416,0.425,0.637,0.619,0.596,0.203,0.217,0.224,0.141,0.149,0.148,0.245,0.247,0.249,0.176,0.163,0.122,0.311,0.288,0.299,0.234,0.228,0.231,0.206,0.209,0.211,0.166,0.162,0.123,0.594,0.48,0.511,0.227,0.22,0.233,0.108,0.106,0.108,0.106,0.093,0.092,0.2,0.183,0.199,0.101,0.106,0.107,0.296,0.288,0.271,0.106,0.093,0.093,0.096,0.093,0.098,0.408,0.408,0.406,0.167,0.169,0.174,0.087,0.087,0.088,0.088,0.086,0.086,0.085,0.094,0.085,0.093,0.088,0.087,0.086,0.086,0.086
,63:30:00,30,0.137,0.104,0.102,0.509,0.483,0.5,0.268,0.266,0.262,0.475,0.44,0.482,0.385,0.348,0.35,0.466,0.479,0.556,0.434,0.416,0.424,0.638,0.62,0.596,0.202,0.217,0.224,0.141,0.149,0.147,0.243,0.245,0.248,0.177,0.163,0.121,0.312,0.286,0.299,0.235,0.228,0.231,0.206,0.209,0.211,0.165,0.162,0.123,0.59,0.481,0.509,0.227,0.22,0.233,0.108,0.106,0.108,0.106,0.093,0.092,0.202,0.184,0.198,0.101,0.106,0.107,0.295,0.288,0.27,0.106,0.093,0.093,0.095,0.093,0.098,0.407,0.406,0.407,0.167,0.169,0.174,0.087,0.087,0.088,0.088,0.086,0.086,0.085,0.094,0.085,0.093,0.088,0.087,0.086,0.086,0.086
,64:00:00,30,0.131,0.106,0.104,0.51,0.486,0.501,0.264,0.268,0.258,0.477,0.444,0.48,0.383,0.347,0.348,0.466,0.479,0.558,0.434,0.414,0.424,0.637,0.621,0.591,0.204,0.216,0.224,0.141,0.149,0.147,0.241,0.244,0.248,0.177,0.162,0.121,0.312,0.284,0.298,0.235,0.227,0.232,0.206,0.209,0.211,0.165,0.161,0.122,0.587,0.476,0.508,0.227,0.22,0.233,0.108,0.106,0.108,0.106,0.093,0.092,0.207,0.184,0.199,0.101,0.106,0.107,0.295,0.287,0.27,0.106,0.093,0.093,0.095,0.093,0.098,0.407,0.408,0.406,0.166,0.169,0.175,0.087,0.087,0.088,0.088,0.086,0.086,0.085,0.094,0.084,0.093,0.088,0.086,0.086,0.086,0.086
,64:30:00,30,0.133,0.105,0.106,0.512,0.486,0.504,0.261,0.262,0.264,0.475,0.451,0.48,0.384,0.348,0.347,0.464,0.48,0.559,0.433,0.414,0.424,0.637,0.621,0.589,0.203,0.216,0.224,0.141,0.149,0.147,0.239,0.242,0.247,0.177,0.162,0.121,0.312,0.283,0.298,0.236,0.227,0.232,0.207,0.209,0.211,0.165,0.161,0.122,0.592,0.475,0.509,0.227,0.22,0.233,0.108,0.106,0.108,0.106,0.093,0.092,0.2,0.183,0.198,0.101,0.106,0.107,0.295,0.287,0.269,0.106,0.093,0.093,0.095,0.093,0.098,0.407,0.407,0.407,0.167,0.169,0.175,0.087,0.087,0.088,0.088,0.086,0.086,0.085,0.094,0.085,0.093,0.088,0.087,0.086,0.086,0.086
,65:00:00,30,0.135,0.105,0.103,0.51,0.48,0.507,0.262,0.258,0.26,0.478,0.446,0.479,0.385,0.348,0.348,0.462,0.481,0.56,0.432,0.414,0.425,0.638,0.622,0.593,0.203,0.216,0.224,0.141,0.149,0.147,0.237,0.24,0.246,0.178,0.162,0.121,0.311,0.283,0.297,0.237,0.228,0.233,0.207,0.21,0.212,0.165,0.161,0.123,0.593,0.476,0.507,0.227,0.22,0.233,0.108,0.106,0.108,0.106,0.093,0.092,0.203,0.184,0.198,0.101,0.106,0.107,0.295,0.287,0.269,0.106,0.093,0.093,0.095,0.093,0.098,0.407,0.408,0.406,0.167,0.169,0.174,0.087,0.087,0.088,0.088,0.086,0.086,0.085,0.094,0.085,0.093,0.088,0.087,0.086,0.086,0.086
,65:30:00,30,0.139,0.105,0.101,0.511,0.484,0.502,0.26,0.258,0.262,0.475,0.446,0.477,0.383,0.348,0.348,0.462,0.479,0.561,0.432,0.413,0.424,0.639,0.622,0.592,0.203,0.216,0.224,0.141,0.149,0.147,0.235,0.238,0.246,0.178,0.162,0.121,0.311,0.284,0.297,0.238,0.229,0.234,0.207,0.21,0.212,0.165,0.161,0.122,0.6,0.48,0.508,0.227,0.22,0.233,0.108,0.106,0.108,0.106,0.092,0.092,0.201,0.183,0.198,0.101,0.106,0.107,0.294,0.287,0.269,0.106,0.093,0.093,0.096,0.093,0.098,0.407,0.407,0.407,0.167,0.169,0.175,0.087,0.087,0.088,0.088,0.085,0.086,0.085,0.094,0.085,0.093,0.088,0.086,0.086,0.086,0.086
,66:00:00,30,0.135,0.104,0.101,0.51,0.484,0.5,0.269,0.259,0.26,0.474,0.443,0.479,0.384,0.348,0.345,0.462,0.48,0.563,0.432,0.413,0.421,0.639,0.623,0.592,0.203,0.216,0.224,0.141,0.149,0.148,0.232,0.236,0.245,0.178,0.162,0.12,0.312,0.284,0.296,0.238,0.229,0.235,0.207,0.21,0.212,0.165,0.161,0.122,0.596,0.478,0.511,0.227,0.22,0.233,0.108,0.106,0.108,0.106,0.093,0.092,0.196,0.183,0.198,0.101,0.107,0.108,0.294,0.286,0.268,0.106,0.093,0.093,0.095,0.093,0.098,0.407,0.408,0.406,0.167,0.169,0.174,0.088,0.087,0.088,0.088,0.086,0.086,0.085,0.094,0.085,0.093,0.088,0.087,0.086,0.086,0.086
,66:30:00,30,0.133,0.104,0.101,0.512,0.482,0.503,0.269,0.253,0.259,0.474,0.445,0.483,0.385,0.348,0.346,0.463,0.48,0.564,0.432,0.413,0.418,0.639,0.623,0.591,0.203,0.215,0.224,0.141,0.148,0.147,0.23,0.233,0.244,0.179,0.161,0.12,0.311,0.284,0.294,0.239,0.23,0.235,0.207,0.21,0.212,0.165,0.161,0.122,0.59,0.479,0.51,0.227,0.22,0.233,0.108,0.106,0.109,0.106,0.092,0.092,0.2,0.184,0.198,0.1,0.106,0.107,0.294,0.286,0.268,0.106,0.093,0.093,0.095,0.093,0.098,0.407,0.406,0.407,0.167,0.169,0.174,0.087,0.087,0.088,0.088,0.086,0.086,0.085,0.094,0.085,0.093,0.088,0.087,0.086,0.086,0.086
,67:00:00,30,0.131,0.104,0.101,0.51,0.484,0.5,0.27,0.26,0.266,0.472,0.442,0.478,0.385,0.348,0.35,0.465,0.481,0.565,0.433,0.413,0.419,0.64,0.624,0.59,0.204,0.216,0.224,0.141,0.148,0.148,0.228,0.231,0.244,0.179,0.161,0.12,0.31,0.284,0.293,0.239,0.231,0.236,0.207,0.21,0.212,0.165,0.161,0.122,0.594,0.48,0.508,0.227,0.22,0.233,0.108,0.106,0.109,0.106,0.092,0.092,0.202,0.184,0.198,0.101,0.107,0.108,0.293,0.286,0.268,0.106,0.093,0.093,0.096,0.093,0.098,0.407,0.408,0.406,0.167,0.169,0.174,0.087,0.087,0.088,0.088,0.086,0.086,0.085,0.094,0.085,0.093,0.088,0.087,0.086,0.086,0.086
,67:30:00,30,0.131,0.105,0.101,0.509,0.482,0.501,0.271,0.263,0.257,0.473,0.439,0.484,0.384,0.347,0.353,0.465,0.478,0.566,0.431,0.414,0.423,0.64,0.624,0.589,0.203,0.215,0.223,0.141,0.148,0.148,0.226,0.228,0.242,0.18,0.16,0.12,0.31,0.284,0.292,0.239,0.231,0.235,0.207,0.21,0.212,0.165,0.16,0.122,0.601,0.478,0.507,0.226,0.219,0.233,0.108,0.106,0.108,0.106,0.092,0.091,0.201,0.184,0.198,0.1,0.107,0.107,0.293,0.285,0.267,0.106,0.093,0.093,0.095,0.093,0.098,0.408,0.406,0.407,0.167,0.169,0.174,0.087,0.087,0.088,0.088,0.085,0.086,0.085,0.094,0.085,0.093,0.088,0.087,0.086,0.086,0.086
,68:00:00,30,0.132,0.104,0.102,0.51,0.483,0.502,0.271,0.254,0.256,0.473,0.441,0.48,0.384,0.348,0.355,0.46,0.476,0.567,0.428,0.413,0.423,0.64,0.625,0.588,0.203,0.215,0.223,0.141,0.148,0.148,0.224,0.226,0.242,0.181,0.16,0.12,0.31,0.284,0.291,0.24,0.232,0.235,0.207,0.21,0.212,0.166,0.16,0.122,0.597,0.479,0.511,0.226,0.219,0.232,0.108,0.106,0.109,0.106,0.092,0.092,0.197,0.184,0.198,0.101,0.106,0.108,0.293,0.285,0.267,0.106,0.093,0.093,0.095,0.093,0.098,0.407,0.408,0.405,0.167,0.169,0.174,0.087,0.087,0.088,0.088,0.086,0.086,0.085,0.094,0.085,0.093,0.088,0.087,0.086,0.086,0.086
,68:30:00,30,0.134,0.106,0.102,0.511,0.481,0.508,0.267,0.26,0.267,0.474,0.445,0.479,0.385,0.348,0.355,0.463,0.479,0.568,0.428,0.413,0.421,0.641,0.625,0.588,0.204,0.215,0.223,0.141,0.148,0.148,0.222,0.224,0.241,0.181,0.16,0.119,0.311,0.284,0.289,0.241,0.232,0.235,0.207,0.21,0.212,0.166,0.16,0.121,0.6,0.48,0.51,0.226,0.219,0.232,0.108,0.106,0.109,0.106,0.092,0.091,0.202,0.184,0.197,0.1,0.106,0.108,0.293,0.284,0.267,0.106,0.093,0.093,0.095,0.093,0.098,0.408,0.406,0.407,0.167,0.169,0.174,0.087,0.087,0.088,0.088,0.086,0.086,0.085,0.094,0.085,0.093,0.088,0.087,0.086,0.086,0.086
,69:00:00,30,0.131,0.105,0.102,0.504,0.479,0.502,0.273,0.259,0.258,0.474,0.445,0.485,0.384,0.348,0.355,0.464,0.477,0.569,0.43,0.414,0.423,0.641,0.625,0.593,0.204,0.215,0.223,0.141,0.148,0.148,0.22,0.222,0.24,0.182,0.16,0.119,0.312,0.285,0.289,0.241,0.233,0.236,0.208,0.211,0.213,0.167,0.16,0.121,0.598,0.48,0.513,0.227,0.219,0.232,0.109,0.106,0.109,0.106,0.092,0.092,0.206,0.184,0.197,0.1,0.107,0.108,0.292,0.284,0.266,0.106,0.093,0.093,0.095,0.093,0.098,0.407,0.408,0.405,0.167,0.169,0.175,0.088,0.087,0.088,0.089,0.086,0.086,0.085,0.094,0.085,0.093,0.088,0.087,0.086,0.086,0.086
,69:30:00,30,0.129,0.104,0.102,0.511,0.481,0.505,0.265,0.26,0.25,0.474,0.44,0.481,0.382,0.349,0.355,0.464,0.479,0.57,0.43,0.414,0.422,0.641,0.626,0.591,0.202,0.215,0.222,0.14,0.147,0.148,0.219,0.219,0.239,0.182,0.16,0.119,0.313,0.285,0.288,0.242,0.233,0.237,0.208,0.21,0.213,0.167,0.159,0.121,0.601,0.479,0.513,0.226,0.219,0.232,0.108,0.106,0.109,0.106,0.092,0.092,0.204,0.184,0.197,0.1,0.106,0.108,0.292,0.284,0.266,0.106,0.093,0.093,0.095,0.093,0.097,0.408,0.406,0.406,0.167,0.169,0.174,0.087,0.086,0.088,0.088,0.086,0.086,0.085,0.094,0.085,0.093,0.088,0.087,0.086,0.086,0.086
,70:00:00,30,0.13,0.106,0.102,0.51,0.483,0.5,0.269,0.264,0.252,0.472,0.436,0.477,0.383,0.348,0.355,0.465,0.479,0.571,0.431,0.414,0.422,0.642,0.626,0.591,0.203,0.214,0.222,0.14,0.147,0.147,0.217,0.218,0.238,0.182,0.159,0.119,0.314,0.285,0.288,0.243,0.234,0.237,0.208,0.21,0.213,0.168,0.159,0.121,0.598,0.479,0.509,0.226,0.219,0.232,0.109,0.106,0.109,0.106,0.092,0.092,0.203,0.184,0.197,0.1,0.107,0.108,0.292,0.284,0.266,0.106,0.093,0.093,0.095,0.093,0.098,0.407,0.408,0.405,0.167,0.169,0.174,0.087,0.087,0.088,0.089,0.086,0.086,0.085,0.094,0.085,0.093,0.088,0.087,0.086,0.086,0.086
,70:30:00,30,0.131,0.104,0.101,0.511,0.483,0.502,0.268,0.253,0.26,0.473,0.436,0.485,0.384,0.349,0.355,0.47,0.485,0.572,0.431,0.414,0.423,0.642,0.626,0.589,0.203,0.214,0.222,0.14,0.147,0.147,0.216,0.216,0.236,0.183,0.159,0.119,0.315,0.285,0.287,0.243,0.234,0.238,0.208,0.211,0.213,0.168,0.159,0.121,0.608,0.477,0.51,0.226,0.219,0.232,0.109,0.106,0.109,0.106,0.092,0.092,0.204,0.184,0.197,0.1,0.106,0.108,0.291,0.284,0.265,0.106,0.093,0.093,0.095,0.093,0.097,0.407,0.405,0.406,0.167,0.169,0.174,0.087,0.087,0.088,0.088,0.086,0.086,0.085,0.094,0.085,0.093,0.088,0.087,0.086,0.086,0.086
,71:00:00,30,0.13,0.104,0.101,0.507,0.478,0.501,0.268,0.259,0.254,0.472,0.44,0.48,0.382,0.349,0.354,0.469,0.488,0.573,0.43,0.414,0.422,0.643,0.627,0.588,0.201,0.214,0.222,0.14,0.147,0.147,0.214,0.214,0.235,0.183,0.158,0.118,0.315,0.285,0.286,0.244,0.235,0.238,0.208,0.211,0.213,0.168,0.159,0.121,0.602,0.477,0.511,0.226,0.219,0.232,0.109,0.106,0.109,0.106,0.092,0.092,0.203,0.184,0.197,0.1,0.106,0.108,0.291,0.283,0.265,0.106,0.093,0.093,0.095,0.093,0.098,0.406,0.407,0.404,0.167,0.169,0.174,0.087,0.087,0.088,0.088,0.086,0.086,0.085,0.094,0.085,0.093,0.088,0.087,0.086,0.086,0.086
,71:30:00,30,0.137,0.106,0.101,0.511,0.482,0.502,0.267,0.262,0.252,0.472,0.441,0.475,0.385,0.349,0.354,0.469,0.489,0.574,0.43,0.413,0.423,0.643,0.627,0.588,0.203,0.214,0.221,0.14,0.147,0.147,0.214,0.213,0.234,0.183,0.158,0.119,0.316,0.285,0.286,0.245,0.236,0.239,0.209,0.211,0.214,0.168,0.159,0.121,0.601,0.475,0.511,0.226,0.219,0.232,0.109,0.106,0.109,0.106,0.092,0.092,0.203,0.184,0.197,0.1,0.107,0.108,0.291,0.283,0.265,0.106,0.093,0.093,0.095,0.093,0.098,0.407,0.406,0.406,0.167,0.169,0.174,0.087,0.087,0.088,0.089,0.085,0.086,0.085,0.094,0.085,0.093,0.088,0.087,0.086,0.086,0.086
,72:00:00,30,0.133,0.103,0.101,0.507,0.485,0.502,0.27,0.258,0.25,0.472,0.439,0.481,0.382,0.349,0.353,0.465,0.487,0.575,0.43,0.413,0.422,0.643,0.627,0.587,0.201,0.214,0.221,0.14,0.147,0.147,0.212,0.212,0.233,0.183,0.158,0.118,0.317,0.286,0.285,0.245,0.237,0.24,0.208,0.211,0.214,0.168,0.159,0.121,0.605,0.474,0.512,0.226,0.219,0.232,0.109,0.106,0.109,0.106,0.092,0.092,0.202,0.183,0.197,0.1,0.107,0.108,0.29,0.283,0.264,0.106,0.093,0.092,0.095,0.092,0.097,0.406,0.407,0.404,0.167,0.169,0.174,0.087,0.086,0.088,0.088,0.086,0.086,0.085,0.094,0.085,0.093,0.088,0.087,0.086,0.086,0.086
,,,,,,,,,,,,,,,,,,,,,,,,,,,,,,,,,,,,,,,,,,,,,,,,,,,,,,,,,,,,,,,,,,,,,,,,,,,,,,,,,,,,,,,,,,,,,,,,,,
Results,,,,,,,,,,,,,,,,,,,,,,,,,,,,,,,,,,,,,,,,,,,,,,,,,,,,,,,,,,,,,,,,,,,,,,,,,,,,,,,,,,,,,,,,,,,,,,,,,,
,,,,,,,,,,,,,,,,,,,,,,,,,,,,,,,,,,,,,,,,,,,,,,,,,,,,,,,,,,,,,,,,,,,,,,,,,,,,,,,,,,,,,,,,,,,,,,,,,,
,,1,2,3,4,5,6,7,8,9,10,11,12,,,,,,,,,,,,,,,,,,,,,,,,,,,,,,,,,,,,,,,,,,,,,,,,,,,,,,,,,,,,,,,,,,,,,,,,,,,,,,,,,,,,,
,A,-0.403,-0.33,0.407,0.407,0.6,0.523,-0.393,-0.607,-0.51,-0.833,0.77,1.08,Max V [600],,,,,,,,,,,,,,,,,,,,,,,,,,,,,,,,,,,,,,,,,,,,,,,,,,,,,,,,,,,,,,,,,,,,,,,,,,,,,,,,,,,,
,,1,1,1,1,1,1,1,1,1,1,1,1,R-Squared [600],,,,,,,,,,,,,,,,,,,,,,,,,,,,,,,,,,,,,,,,,,,,,,,,,,,,,,,,,,,,,,,,,,,,,,,,,,,,,,,,,,,,
,,00:15:00,00:15:00,00:45:00,20:15:00,48:45:00,29:45:00,14:15:00,28:15:00,49:45:00,00:15:00,21:15:00,12:45:00,t at Max V [600],,,,,,,,,,,,,,,,,,,,,,,,,,,,,,,,,,,,,,,,,,,,,,,,,,,,,,,,,,,,,,,,,,,,,,,,,,,,,,,,,,,,
,,00:00:00,00:00:00,00:45:30,15:31:58,38:57:20,23:23:07,19:20:36,31:38:15,54:07:27,00:00:00,15:52:44,09:24:21,Lagtime [600],,,,,,,,,,,,,,,,,,,,,,,,,,,,,,,,,,,,,,,,,,,,,,,,,,,,,,,,,,,,,,,,,,,,,,,,,,,,,,,,,,,,
,B,0.527,-1.137,0.647,-0.59,-0.557,-0.983,-1.56,-1.573,0.403,-0.9,0.457,0.717,Max V [600],,,,,,,,,,,,,,,,,,,,,,,,,,,,,,,,,,,,,,,,,,,,,,,,,,,,,,,,,,,,,,,,,,,,,,,,,,,,,,,,,,,,
,,1,1,1,1,1,1,1,1,1,1,1,1,R-Squared [600],,,,,,,,,,,,,,,,,,,,,,,,,,,,,,,,,,,,,,,,,,,,,,,,,,,,,,,,,,,,,,,,,,,,,,,,,,,,,,,,,,,,
,,14:45:00,00:15:00,26:45:00,00:15:00,00:15:00,00:15:00,00:15:00,00:15:00,07:15:00,00:15:00,01:15:00,18:15:00,t at Max V [600],,,,,,,,,,,,,,,,,,,,,,,,,,,,,,,,,,,,,,,,,,,,,,,,,,,,,,,,,,,,,,,,,,,,,,,,,,,,,,,,,,,,
,,08:49:45,00:00:00,19:57:59,00:00:00,00:00:00,00:00:00,00:00:00,00:00:00,06:40:25,00:00:00,00:45:46,11:43:49,Lagtime [600],,,,,,,,,,,,,,,,,,,,,,,,,,,,,,,,,,,,,,,,,,,,,,,,,,,,,,,,,,,,,,,,,,,,,,,,,,,,,,,,,,,,
,C,0.753,0.423,0.367,-1.55,-1.097,-1.283,-1.76,-1.45,-1.937,-0.71,0.117,-0.29,Max V [600],,,,,,,,,,,,,,,,,,,,,,,,,,,,,,,,,,,,,,,,,,,,,,,,,,,,,,,,,,,,,,,,,,,,,,,,,,,,,,,,,,,,
,,1,1,1,1,1,1,1,1,1,1,1,1,R-Squared [600],,,,,,,,,,,,,,,,,,,,,,,,,,,,,,,,,,,,,,,,,,,,,,,,,,,,,,,,,,,,,,,,,,,,,,,,,,,,,,,,,,,,
,,00:15:00,00:45:00,00:45:00,00:15:00,00:15:00,00:15:00,00:15:00,00:15:00,00:15:00,00:15:00,00:45:00,00:15:00,t at Max V [600],,,,,,,,,,,,,,,,,,,,,,,,,,,,,,,,,,,,,,,,,,,,,,,,,,,,,,,,,,,,,,,,,,,,,,,,,,,,,,,,,,,,
,,00:00:00,00:55:17,00:42:49,00:00:00,00:00:00,00:00:00,00:00:00,00:00:00,00:00:00,00:00:00,00:39:26,00:00:00,Lagtime [600],,,,,,,,,,,,,,,,,,,,,,,,,,,,,,,,,,,,,,,,,,,,,,,,,,,,,,,,,,,,,,,,,,,,,,,,,,,,,,,,,,,,
,D,-0.843,-0.667,-1.45,-0.41,-1.607,-1.36,-1.06,-1.367,-1.243,0.263,1.16,-1.007,Max V [600],,,,,,,,,,,,,,,,,,,,,,,,,,,,,,,,,,,,,,,,,,,,,,,,,,,,,,,,,,,,,,,,,,,,,,,,,,,,,,,,,,,,
,,1,1,1,1,1,1,1,1,1,1,1,1,R-Squared [600],,,,,,,,,,,,,,,,,,,,,,,,,,,,,,,,,,,,,,,,,,,,,,,,,,,,,,,,,,,,,,,,,,,,,,,,,,,,,,,,,,,,
,,00:15:00,00:15:00,00:15:00,00:15:00,00:15:00,00:15:00,00:15:00,00:15:00,00:15:00,00:45:00,00:15:00,00:15:00,t at Max V [600],,,,,,,,,,,,,,,,,,,,,,,,,,,,,,,,,,,,,,,,,,,,,,,,,,,,,,,,,,,,,,,,,,,,,,,,,,,,,,,,,,,,
,,00:00:00,00:00:00,00:00:00,00:00:00,00:00:00,00:00:00,00:00:00,00:00:00,00:00:00,00:39:07,00:00:00,00:00:00,Lagtime [600],,,,,,,,,,,,,,,,,,,,,,,,,,,,,,,,,,,,,,,,,,,,,,,,,,,,,,,,,,,,,,,,,,,,,,,,,,,,,,,,,,,,
,E,0.793,-0.967,0.903,0.98,0.343,-0.903,-1.51,-1.443,-0.317,0.07,0.077,-0.053,Max V [600],,,,,,,,,,,,,,,,,,,,,,,,,,,,,,,,,,,,,,,,,,,,,,,,,,,,,,,,,,,,,,,,,,,,,,,,,,,,,,,,,,,,
,,1,1,1,1,1,1,1,1,1,1,1,1,R-Squared [600],,,,,,,,,,,,,,,,,,,,,,,,,,,,,,,,,,,,,,,,,,,,,,,,,,,,,,,,,,,,,,,,,,,,,,,,,,,,,,,,,,,,
,,02:45:00,00:15:00,04:15:00,00:15:00,00:45:00,00:15:00,00:15:00,00:15:00,00:15:00,00:45:00,00:45:00,00:15:00,t at Max V [600],,,,,,,,,,,,,,,,,,,,,,,,,,,,,,,,,,,,,,,,,,,,,,,,,,,,,,,,,,,,,,,,,,,,,,,,,,,,,,,,,,,,
,,01:30:15,00:00:00,02:39:31,00:00:00,00:21:33,00:00:00,00:00:00,00:00:00,00:00:00,00:32:51,00:33:55,00:00:00,Lagtime [600],,,,,,,,,,,,,,,,,,,,,,,,,,,,,,,,,,,,,,,,,,,,,,,,,,,,,,,,,,,,,,,,,,,,,,,,,,,,,,,,,,,,
,F,0.633,-0.753,0.603,-0.353,-0.573,-0.693,1.88,1.517,2.197,-0.2,-0.147,0.217,Max V [600],,,,,,,,,,,,,,,,,,,,,,,,,,,,,,,,,,,,,,,,,,,,,,,,,,,,,,,,,,,,,,,,,,,,,,,,,,,,,,,,,,,,
,,1,1,1,1,1,1,1,1,1,1,1,1,R-Squared [600],,,,,,,,,,,,,,,,,,,,,,,,,,,,,,,,,,,,,,,,,,,,,,,,,,,,,,,,,,,,,,,,,,,,,,,,,,,,,,,,,,,,
,,06:45:00,10:45:00,09:45:00,00:15:00,00:15:00,00:15:00,12:15:00,12:15:00,12:15:00,00:15:00,00:15:00,00:15:00,t at Max V [600],,,,,,,,,,,,,,,,,,,,,,,,,,,,,,,,,,,,,,,,,,,,,,,,,,,,,,,,,,,,,,,,,,,,,,,,,,,,,,,,,,,,
,,05:29:41,12:50:19,06:55:51,00:00:00,00:00:00,00:00:00,11:50:41,11:46:09,11:47:59,00:00:00,00:00:00,00:00:00,Lagtime [600],,,,,,,,,,,,,,,,,,,,,,,,,,,,,,,,,,,,,,,,,,,,,,,,,,,,,,,,,,,,,,,,,,,,,,,,,,,,,,,,,,,,
,G,-0.053,-0.51,-0.663,1.753,1.643,1.067,-0.9,-0.307,0.06,-0.41,-0.45,0.013,Max V [600],,,,,,,,,,,,,,,,,,,,,,,,,,,,,,,,,,,,,,,,,,,,,,,,,,,,,,,,,,,,,,,,,,,,,,,,,,,,,,,,,,,,
,,1,1,1,1,1,1,1,1,1,1,1,1,R-Squared [600],,,,,,,,,,,,,,,,,,,,,,,,,,,,,,,,,,,,,,,,,,,,,,,,,,,,,,,,,,,,,,,,,,,,,,,,,,,,,,,,,,,,
,,00:15:00,00:15:00,00:15:00,06:15:00,06:15:00,02:45:00,00:15:00,00:15:00,00:45:00,00:15:00,00:15:00,68:45:00,t at Max V [600],,,,,,,,,,,,,,,,,,,,,,,,,,,,,,,,,,,,,,,,,,,,,,,,,,,,,,,,,,,,,,,,,,,,,,,,,,,,,,,,,,,,
,,00:00:00,00:00:00,00:00:00,05:19:47,05:15:57,02:47:09,00:00:00,00:00:00,00:36:40,00:00:00,00:00:00,68:37:30,Lagtime [600],,,,,,,,,,,,,,,,,,,,,,,,,,,,,,,,,,,,,,,,,,,,,,,,,,,,,,,,,,,,,,,,,,,,,,,,,,,,,,,,,,,,
,H,-0.013,-0.377,0.02,-0.017,-0.257,-1.033,-0.747,-0.06,0.02,0.017,-0.013,-0.013,Max V [600],,,,,,,,,,,,,,,,,,,,,,,,,,,,,,,,,,,,,,,,,,,,,,,,,,,,,,,,,,,,,,,,,,,,,,,,,,,,,,,,,,,,
,,1,1,1,1,1,1,1,1,1,1,1,1,R-Squared [600],,,,,,,,,,,,,,,,,,,,,,,,,,,,,,,,,,,,,,,,,,,,,,,,,,,,,,,,,,,,,,,,,,,,,,,,,,,,,,,,,,,,
,,00:45:00,00:15:00,62:45:00,31:15:00,00:15:00,00:15:00,00:15:00,00:15:00,58:15:00,09:45:00,04:45:00,48:45:00,t at Max V [600],,,,,,,,,,,,,,,,,,,,,,,,,,,,,,,,,,,,,,,,,,,,,,,,,,,,,,,,,,,,,,,,,,,,,,,,,,,,,,,,,,,,
,,00:22:30,00:00:00,62:50:00,30:36:00,00:00:00,00:00:00,00:00:00,00:00:00,57:45:00,09:54:00,04:07:30,48:30:00,Lagtime [600],,,,,,,,,,,,,,,,,,,,,,,,,,,,,,,,,,,,,,,,,,,,,,,,,,,,,,,,,,,,,,,,,,,,,,,,,,,,,,,,,,,,